"","dir.dyad","actor","receiver","grooming.rate","actor.sex","receiver.sex"
"1","dante_lilith","dante","lilith",0,"M","F"
"2","dante_queen","dante","queen",0,"M","F"
"3","dante_irma","dante","irma",0,"M","F"
"4","dante_kelly","dante","kelly",0,"M","F"
"5","dante_tiffany","dante","tiffany",0.00458867521367521,"M","F"
"6","dante_matt","dante","matt",0,"M","M"
"7","dante_shania","dante","shania",0,"M","F"
"8","dante_alexei","dante","alexei",0,"M","M"
"9","dante_jupiter","dante","jupiter",3.75626043405676e-05,"M","F"
"10","dante_bd","dante","bd",2.37806112123052e-05,"M","F"
"11","dante_cindy","dante","cindy",0,"M","F"
"12","dante_esther","dante","esther",0.000112770943175161,"M","F"
"13","dante_betty","dante","betty",0,"M","F"
"14","dante_gayle","dante","gayle",0,"M","F"
"15","dante_hera","dante","hera",3.56375707869557e-05,"M","F"
"16","dante_bscs","dante","bscs",0,"M","F"
"17","dante_fran","dante","fran",0,"M","F"
"18","dante_mabel","dante","mabel",0,"M","F"
"19","dante_vixen","dante","vixen",0,"M","F"
"20","dante_zelda","dante","zelda",0,"M","F"
"21","dante_winona","dante","winona",0,"M","F"
"22","dante_rina","dante","rina",8.04093567251462e-05,"M","F"
"23","dante_alicia","dante","alicia",0,"M","F"
"24","dante_piper","dante","piper",0,"M","F"
"25","dante_yzma","dante","yzma",0,"M","F"
"26","dante_opal","dante","opal",7.3826216273635e-05,"M","F"
"27","dante_noa","dante","noa",0,"M","M"
"28","dante_pup","dante","pup",0,"M","M"
"29","dante_uri","dante","uri",4.37445319335083e-06,"M","F"
"30","dante_xanthe","dante","xanthe",0,"M","M"
"31","lilith_dante","lilith","dante",7.59958071278826e-05,"F","M"
"32","lilith_queen","lilith","queen",9.94877856579984e-05,"F","F"
"33","lilith_irma","lilith","irma",5.41765169424744e-05,"F","F"
"34","lilith_kelly","lilith","kelly",0.00225955204216074,"F","F"
"35","lilith_tiffany","lilith","tiffany",0.00208804143126177,"F","F"
"36","lilith_matt","lilith","matt",0.000241963661774983,"F","M"
"37","lilith_shania","lilith","shania",0,"F","F"
"38","lilith_jupiter","lilith","jupiter",0.00278411147303655,"F","F"
"39","lilith_bd","lilith","bd",0.0047233893557423,"F","F"
"40","lilith_cindy","lilith","cindy",0.00172952149229521,"F","F"
"41","lilith_esther","lilith","esther",0.00151595744680851,"F","F"
"42","lilith_betty","lilith","betty",0.00244604316546763,"F","F"
"43","lilith_gayle","lilith","gayle",0.000219734660033167,"F","F"
"44","lilith_hera","lilith","hera",0.00386820330969267,"F","F"
"45","lilith_bscs","lilith","bscs",0.0014750566893424,"F","F"
"46","lilith_fran","lilith","fran",0.00013277428371768,"F","F"
"47","lilith_mabel","lilith","mabel",0.000103916866506795,"F","F"
"48","lilith_vixen","lilith","vixen",0.000107758620689655,"F","F"
"49","lilith_zelda","lilith","zelda",6.97350069735007e-06,"F","F"
"50","lilith_winona","lilith","winona",4.62962962962963e-05,"F","F"
"51","lilith_rina","lilith","rina",0.00132424877707897,"F","F"
"52","lilith_alicia","lilith","alicia",0,"F","F"
"53","lilith_piper","lilith","piper",0.000440771349862259,"F","F"
"54","lilith_yzma","lilith","yzma",0,"F","F"
"55","lilith_opal","lilith","opal",8.94538606403013e-05,"F","F"
"56","lilith_pup","lilith","pup",0,"F","M"
"57","lilith_uri","lilith","uri",0.00698456790123457,"F","F"
"58","queen_dante","queen","dante",0,"F","M"
"59","queen_lilith","queen","lilith",0.000114263199369582,"F","F"
"60","queen_irma","queen","irma",8.3500334001336e-06,"F","F"
"61","queen_kelly","queen","kelly",0.000186163965233733,"F","F"
"62","queen_tiffany","queen","tiffany",0.00247124326970142,"F","F"
"63","queen_matt","queen","matt",4.88185901191174e-06,"F","M"
"64","queen_shania","queen","shania",0,"F","F"
"65","queen_alexei","queen","alexei",0,"F","M"
"66","queen_jupiter","queen","jupiter",0.000293034511784512,"F","F"
"67","queen_bd","queen","bd",0.000122131333787776,"F","F"
"68","queen_cindy","queen","cindy",1.23706702654071e-05,"F","F"
"69","queen_esther","queen","esther",0,"F","F"
"70","queen_betty","queen","betty",0.00768704074816299,"F","F"
"71","queen_gayle","queen","gayle",0.000118556701030928,"F","F"
"72","queen_hera","queen","hera",0.000446201913688733,"F","F"
"73","queen_bscs","queen","bscs",0,"F","F"
"74","queen_fran","queen","fran",2.17100868403474e-05,"F","F"
"75","queen_mabel","queen","mabel",0,"F","F"
"76","queen_vixen","queen","vixen",9.0139808682855e-05,"F","F"
"77","queen_zelda","queen","zelda",0,"F","F"
"78","queen_winona","queen","winona",3.16255534471853e-06,"F","F"
"79","queen_rina","queen","rina",3.56268091739034e-05,"F","F"
"80","queen_alicia","queen","alicia",0,"F","F"
"81","queen_piper","queen","piper",0,"F","F"
"82","queen_yzma","queen","yzma",0,"F","F"
"83","queen_opal","queen","opal",6.07828835399951e-06,"F","F"
"84","queen_noa","queen","noa",2.06270627062706e-05,"F","M"
"85","queen_pup","queen","pup",9.2755321226323e-06,"F","M"
"86","queen_uri","queen","uri",3.22420634920635e-05,"F","F"
"87","queen_xanthe","queen","xanthe",0,"F","M"
"88","irma_dante","irma","dante",4.10076157000586e-05,"F","M"
"89","irma_lilith","irma","lilith",0.000100472813238771,"F","F"
"90","irma_queen","irma","queen",1.55867290135827e-05,"F","F"
"91","irma_kelly","irma","kelly",0.00210476861639652,"F","F"
"92","irma_tiffany","irma","tiffany",0.00026798825256975,"F","F"
"93","irma_matt","irma","matt",0,"F","M"
"94","irma_shania","irma","shania",0,"F","F"
"95","irma_alexei","irma","alexei",0.000388888888888889,"F","M"
"96","irma_jupiter","irma","jupiter",0.00656670875420875,"F","F"
"97","irma_bd","irma","bd",0.00126779155188246,"F","F"
"98","irma_cindy","irma","cindy",0.000112794612794613,"F","F"
"99","irma_esther","irma","esther",0.00154730031236055,"F","F"
"100","irma_betty","irma","betty",0.000175907370296148,"F","F"
"101","irma_gayle","irma","gayle",3.03030303030303e-05,"F","F"
"102","irma_hera","irma","hera",0.0103590514362057,"F","F"
"103","irma_bscs","irma","bscs",0.000545073375262054,"F","F"
"104","irma_fran","irma","fran",0.000239924293030505,"F","F"
"105","irma_mabel","irma","mabel",2.13675213675214e-05,"F","F"
"106","irma_vixen","irma","vixen",0.000599578373015873,"F","F"
"107","irma_zelda","irma","zelda",1e-04,"F","F"
"108","irma_winona","irma","winona",0.000129268879268879,"F","F"
"109","irma_rina","irma","rina",0.000152527276775774,"F","F"
"110","irma_alicia","irma","alicia",3.50529100529101e-05,"F","F"
"111","irma_piper","irma","piper",0.000301226551226551,"F","F"
"112","irma_yzma","irma","yzma",0,"F","F"
"113","irma_opal","irma","opal",2.60795730228045e-05,"F","F"
"114","irma_noa","irma","noa",0.000497799779977998,"F","M"
"115","irma_pup","irma","pup",0.000334407342315954,"F","M"
"116","irma_uri","irma","uri",0.00105654761904762,"F","F"
"117","irma_xanthe","irma","xanthe",0.000155485674353599,"F","M"
"118","kelly_dante","kelly","dante",0,"F","M"
"119","kelly_lilith","kelly","lilith",0.00280522617479139,"F","F"
"120","kelly_queen","kelly","queen",0.000123326286116984,"F","F"
"121","kelly_irma","kelly","irma",0.0018446088794926,"F","F"
"122","kelly_tiffany","kelly","tiffany",0.0026040910191237,"F","F"
"123","kelly_matt","kelly","matt",9.74025974025974e-05,"F","M"
"124","kelly_shania","kelly","shania",0,"F","F"
"125","kelly_alexei","kelly","alexei",0,"F","M"
"126","kelly_jupiter","kelly","jupiter",0.00415272199910754,"F","F"
"127","kelly_bd","kelly","bd",0.00118530782438067,"F","F"
"128","kelly_cindy","kelly","cindy",0.00251362236436863,"F","F"
"129","kelly_esther","kelly","esther",0.00259807376086446,"F","F"
"130","kelly_betty","kelly","betty",0.000552039381153305,"F","F"
"131","kelly_gayle","kelly","gayle",0.00154735682819383,"F","F"
"132","kelly_hera","kelly","hera",0.00299741602067183,"F","F"
"133","kelly_bscs","kelly","bscs",0.00573761261261261,"F","F"
"134","kelly_fran","kelly","fran",0.00283579465541491,"F","F"
"135","kelly_mabel","kelly","mabel",0.00101396765385423,"F","F"
"136","kelly_vixen","kelly","vixen",0.000431205147240782,"F","F"
"137","kelly_zelda","kelly","zelda",0.00113431013431013,"F","F"
"138","kelly_winona","kelly","winona",0.000802932761087268,"F","F"
"139","kelly_rina","kelly","rina",0.00114803094233474,"F","F"
"140","kelly_alicia","kelly","alicia",0.000172894133071124,"F","F"
"141","kelly_piper","kelly","piper",0.00178741375208185,"F","F"
"142","kelly_yzma","kelly","yzma",0.000717338217338217,"F","F"
"143","kelly_opal","kelly","opal",0.000554491272882077,"F","F"
"144","kelly_noa","kelly","noa",7.49754178957719e-05,"F","M"
"145","kelly_pup","kelly","pup",1.288394145537e-05,"F","M"
"146","kelly_uri","kelly","uri",0.000461028192371476,"F","F"
"147","kelly_xanthe","kelly","xanthe",8.33333333333333e-05,"F","M"
"148","tiffany_dante","tiffany","dante",0.00669604700854701,"F","M"
"149","tiffany_lilith","tiffany","lilith",0.00217514124293785,"F","F"
"150","tiffany_queen","tiffany","queen",0.00211698482623593,"F","F"
"151","tiffany_irma","tiffany","irma",0.000223935389133627,"F","F"
"152","tiffany_kelly","tiffany","kelly",0.00261256354393609,"F","F"
"153","tiffany_matt","tiffany","matt",0,"F","M"
"154","tiffany_shania","tiffany","shania",0,"F","F"
"155","tiffany_alexei","tiffany","alexei",0,"F","M"
"156","tiffany_jupiter","tiffany","jupiter",0.000318951519369056,"F","F"
"157","tiffany_bd","tiffany","bd",0.000309487569761542,"F","F"
"158","tiffany_cindy","tiffany","cindy",0.000428802588996764,"F","F"
"159","tiffany_esther","tiffany","esther",0.000105849241311796,"F","F"
"160","tiffany_betty","tiffany","betty",0.000424908424908425,"F","F"
"161","tiffany_gayle","tiffany","gayle",0.000669859514687101,"F","F"
"162","tiffany_hera","tiffany","hera",0.00123959862946647,"F","F"
"163","tiffany_bscs","tiffany","bscs",0.000264180264180264,"F","F"
"164","tiffany_fran","tiffany","fran",0.00186385836385836,"F","F"
"165","tiffany_mabel","tiffany","mabel",0.00164872556297946,"F","F"
"166","tiffany_vixen","tiffany","vixen",0.000324286442405708,"F","F"
"167","tiffany_zelda","tiffany","zelda",0.00107142857142857,"F","F"
"168","tiffany_winona","tiffany","winona",0.00231046482724335,"F","F"
"169","tiffany_rina","tiffany","rina",0.000466422466422466,"F","F"
"170","tiffany_alicia","tiffany","alicia",0.000197916666666667,"F","F"
"171","tiffany_piper","tiffany","piper",0.00297433398310591,"F","F"
"172","tiffany_yzma","tiffany","yzma",0,"F","F"
"173","tiffany_opal","tiffany","opal",0.000681423611111111,"F","F"
"174","tiffany_noa","tiffany","noa",0,"F","M"
"175","tiffany_pup","tiffany","pup",8.01282051282051e-06,"F","M"
"176","tiffany_uri","tiffany","uri",0,"F","F"
"177","tiffany_xanthe","tiffany","xanthe",0,"F","M"
"178","matt_dante","matt","dante",0,"M","M"
"179","matt_lilith","matt","lilith",3.40670859538784e-05,"M","F"
"180","matt_queen","matt","queen",4.88185901191174e-06,"M","F"
"181","matt_irma","matt","irma",0,"M","F"
"182","matt_kelly","matt","kelly",0,"M","F"
"183","matt_tiffany","matt","tiffany",0.000163995726495726,"M","F"
"184","matt_shania","matt","shania",0.0120564168819983,"M","F"
"185","matt_alexei","matt","alexei",0,"M","M"
"186","matt_jupiter","matt","jupiter",0,"M","F"
"187","matt_bd","matt","bd",0,"M","F"
"188","matt_cindy","matt","cindy",0,"M","F"
"189","matt_esther","matt","esther",0,"M","F"
"190","matt_betty","matt","betty",0,"M","F"
"191","matt_gayle","matt","gayle",0,"M","F"
"192","matt_hera","matt","hera",0,"M","F"
"193","matt_bscs","matt","bscs",0,"M","F"
"194","matt_fran","matt","fran",0,"M","F"
"195","matt_mabel","matt","mabel",0.00013741134751773,"M","F"
"196","matt_vixen","matt","vixen",0,"M","F"
"197","matt_zelda","matt","zelda",0,"M","F"
"198","matt_winona","matt","winona",0,"M","F"
"199","matt_rina","matt","rina",0,"M","F"
"200","matt_alicia","matt","alicia",0,"M","F"
"201","matt_piper","matt","piper",0,"M","F"
"202","matt_yzma","matt","yzma",0,"M","F"
"203","matt_opal","matt","opal",0,"M","F"
"204","matt_noa","matt","noa",0,"M","M"
"205","matt_pup","matt","pup",0,"M","M"
"206","matt_uri","matt","uri",0,"M","F"
"207","matt_xanthe","matt","xanthe",2.1021021021021e-05,"M","M"
"208","shania_dante","shania","dante",0,"F","M"
"209","shania_lilith","shania","lilith",0,"F","F"
"210","shania_queen","shania","queen",0,"F","F"
"211","shania_irma","shania","irma",0,"F","F"
"212","shania_kelly","shania","kelly",0,"F","F"
"213","shania_tiffany","shania","tiffany",0,"F","F"
"214","shania_matt","shania","matt",0.012494616709733,"F","M"
"215","shania_alexei","shania","alexei",0,"F","M"
"216","shania_jupiter","shania","jupiter",0,"F","F"
"217","shania_bd","shania","bd",0,"F","F"
"218","shania_cindy","shania","cindy",1.10864745011086e-05,"F","F"
"219","shania_esther","shania","esther",0,"F","F"
"220","shania_betty","shania","betty",0,"F","F"
"221","shania_gayle","shania","gayle",0.000105122324159021,"F","F"
"222","shania_hera","shania","hera",0.000125646711012565,"F","F"
"223","shania_bscs","shania","bscs",0,"F","F"
"224","shania_fran","shania","fran",0,"F","F"
"225","shania_mabel","shania","mabel",1.99750312109863e-05,"F","F"
"226","shania_vixen","shania","vixen",0,"F","F"
"227","shania_zelda","shania","zelda",0,"F","F"
"228","shania_winona","shania","winona",0,"F","F"
"229","shania_rina","shania","rina",0,"F","F"
"230","shania_alicia","shania","alicia",0,"F","F"
"231","shania_piper","shania","piper",0,"F","F"
"232","shania_yzma","shania","yzma",0,"F","F"
"233","shania_opal","shania","opal",0,"F","F"
"234","shania_noa","shania","noa",0,"F","M"
"235","shania_pup","shania","pup",0,"F","M"
"236","shania_uri","shania","uri",0,"F","F"
"237","shania_xanthe","shania","xanthe",0,"F","M"
"238","alexei_dante","alexei","dante",0,"M","M"
"239","alexei_queen","alexei","queen",0,"M","F"
"240","alexei_irma","alexei","irma",0,"M","F"
"241","alexei_kelly","alexei","kelly",0,"M","F"
"242","alexei_tiffany","alexei","tiffany",0,"M","F"
"243","alexei_matt","alexei","matt",0,"M","M"
"244","alexei_shania","alexei","shania",0,"M","F"
"245","alexei_jupiter","alexei","jupiter",0,"M","F"
"246","alexei_bd","alexei","bd",0,"M","F"
"247","alexei_cindy","alexei","cindy",0,"M","F"
"248","alexei_esther","alexei","esther",0,"M","F"
"249","alexei_betty","alexei","betty",0,"M","F"
"250","alexei_gayle","alexei","gayle",0,"M","F"
"251","alexei_hera","alexei","hera",0,"M","F"
"252","alexei_bscs","alexei","bscs",0,"M","F"
"253","alexei_fran","alexei","fran",0,"M","F"
"254","alexei_mabel","alexei","mabel",0,"M","F"
"255","alexei_vixen","alexei","vixen",0,"M","F"
"256","alexei_zelda","alexei","zelda",0,"M","F"
"257","alexei_winona","alexei","winona",0.00175,"M","F"
"258","alexei_rina","alexei","rina",0,"M","F"
"259","alexei_alicia","alexei","alicia",0,"M","F"
"260","alexei_piper","alexei","piper",0,"M","F"
"261","alexei_opal","alexei","opal",0,"M","F"
"262","alexei_noa","alexei","noa",0,"M","M"
"263","alexei_pup","alexei","pup",0,"M","M"
"264","alexei_uri","alexei","uri",0,"M","F"
"265","alexei_xanthe","alexei","xanthe",0,"M","M"
"266","jupiter_dante","jupiter","dante",3.75626043405676e-05,"F","M"
"267","jupiter_lilith","jupiter","lilith",0.00231270358306189,"F","F"
"268","jupiter_queen","jupiter","queen",0.000218855218855219,"F","F"
"269","jupiter_irma","jupiter","irma",0.00602430555555556,"F","F"
"270","jupiter_kelly","jupiter","kelly",0.00390562248995984,"F","F"
"271","jupiter_tiffany","jupiter","tiffany",0.000334029227557411,"F","F"
"272","jupiter_matt","jupiter","matt",0,"F","M"
"273","jupiter_shania","jupiter","shania",2.92397660818713e-06,"F","F"
"274","jupiter_alexei","jupiter","alexei",0.00025,"F","M"
"275","jupiter_bd","jupiter","bd",0.00306919886487666,"F","F"
"276","jupiter_cindy","jupiter","cindy",0.00430237489397795,"F","F"
"277","jupiter_esther","jupiter","esther",0.00607218013468014,"F","F"
"278","jupiter_betty","jupiter","betty",0.00101998050682261,"F","F"
"279","jupiter_gayle","jupiter","gayle",0.000362366295568653,"F","F"
"280","jupiter_hera","jupiter","hera",0.0045128367003367,"F","F"
"281","jupiter_bscs","jupiter","bscs",0.00384529398613906,"F","F"
"282","jupiter_fran","jupiter","fran",0.00116519638731359,"F","F"
"283","jupiter_mabel","jupiter","mabel",0.000533779477374124,"F","F"
"284","jupiter_vixen","jupiter","vixen",0.000689580631214872,"F","F"
"285","jupiter_zelda","jupiter","zelda",0.000750292397660819,"F","F"
"286","jupiter_winona","jupiter","winona",0.00056755829903978,"F","F"
"287","jupiter_rina","jupiter","rina",0.00087009031716026,"F","F"
"288","jupiter_alicia","jupiter","alicia",0.000280701754385965,"F","F"
"289","jupiter_piper","jupiter","piper",0.00103410905772302,"F","F"
"290","jupiter_yzma","jupiter","yzma",0,"F","F"
"291","jupiter_opal","jupiter","opal",0.00021726602120793,"F","F"
"292","jupiter_noa","jupiter","noa",0.000204895489548955,"F","M"
"293","jupiter_pup","jupiter","pup",0.0237613615284734,"F","M"
"294","jupiter_uri","jupiter","uri",0.000391006842619746,"F","F"
"295","jupiter_xanthe","jupiter","xanthe",0.000364583333333333,"F","M"
"296","bd_dante","bd","dante",0.00102459016393443,"F","M"
"297","bd_lilith","bd","lilith",0.00599323062558357,"F","F"
"298","bd_queen","bd","queen",0.000223244717109748,"F","F"
"299","bd_irma","bd","irma",0.00128156565656566,"F","F"
"300","bd_kelly","bd","kelly",0.00123436350257542,"F","F"
"301","bd_tiffany","bd","tiffany",0.000300608828006088,"F","F"
"302","bd_matt","bd","matt",5.05970451325643e-06,"F","M"
"303","bd_shania","bd","shania",7.24363819601915e-05,"F","F"
"304","bd_alexei","bd","alexei",0,"F","M"
"305","bd_jupiter","bd","jupiter",0.00327493996943899,"F","F"
"306","bd_cindy","bd","cindy",0.00452413479052823,"F","F"
"307","bd_esther","bd","esther",0.00362133605998637,"F","F"
"308","bd_betty","bd","betty",0.000482542819499341,"F","F"
"309","bd_gayle","bd","gayle",0.000471326164874552,"F","F"
"310","bd_hera","bd","hera",0.00381958645762327,"F","F"
"311","bd_bscs","bd","bscs",0.00931861804222649,"F","F"
"312","bd_fran","bd","fran",0.00227891156462585,"F","F"
"313","bd_mabel","bd","mabel",0.000496319300667127,"F","F"
"314","bd_vixen","bd","vixen",0.00110925925925926,"F","F"
"315","bd_zelda","bd","zelda",0.000421694318753142,"F","F"
"316","bd_winona","bd","winona",0.000694444444444444,"F","F"
"317","bd_rina","bd","rina",0.000865079365079365,"F","F"
"318","bd_alicia","bd","alicia",7.47079597935344e-05,"F","F"
"319","bd_piper","bd","piper",0.00261553588987217,"F","F"
"320","bd_yzma","bd","yzma",0,"F","F"
"321","bd_opal","bd","opal",5.59284116331096e-05,"F","F"
"322","bd_noa","bd","noa",0,"F","M"
"323","bd_pup","bd","pup",0.000678000404776361,"F","M"
"324","bd_uri","bd","uri",0.0143074074074074,"F","F"
"325","bd_xanthe","bd","xanthe",0,"F","M"
"326","cindy_dante","cindy","dante",0,"F","M"
"327","cindy_lilith","cindy","lilith",0.00263990267639903,"F","F"
"328","cindy_queen","cindy","queen",7.30994152046784e-06,"F","F"
"329","cindy_irma","cindy","irma",0.00011672278338945,"F","F"
"330","cindy_kelly","cindy","kelly",0.00292051646529258,"F","F"
"331","cindy_tiffany","cindy","tiffany",0.000411003236245955,"F","F"
"332","cindy_matt","cindy","matt",2.45821042281219e-06,"F","M"
"333","cindy_shania","cindy","shania",0,"F","F"
"334","cindy_alexei","cindy","alexei",0.00633333333333333,"F","M"
"335","cindy_jupiter","cindy","jupiter",0.0051956106870229,"F","F"
"336","cindy_bd","cindy","bd",0.00599271402550091,"F","F"
"337","cindy_esther","cindy","esther",0.00118308591992803,"F","F"
"338","cindy_betty","cindy","betty",0.00131399508160072,"F","F"
"339","cindy_gayle","cindy","gayle",0,"F","F"
"340","cindy_hera","cindy","hera",0.00139113810166442,"F","F"
"341","cindy_bscs","cindy","bscs",0.000962301587301587,"F","F"
"342","cindy_fran","cindy","fran",7.80022446689113e-05,"F","F"
"343","cindy_mabel","cindy","mabel",0.00094804318488529,"F","F"
"344","cindy_vixen","cindy","vixen",0.000105321507760532,"F","F"
"345","cindy_zelda","cindy","zelda",0.00153116531165312,"F","F"
"346","cindy_winona","cindy","winona",0.000777413080476538,"F","F"
"347","cindy_rina","cindy","rina",0.000547138047138047,"F","F"
"348","cindy_alicia","cindy","alicia",0.000119047619047619,"F","F"
"349","cindy_piper","cindy","piper",0.00415921668795232,"F","F"
"350","cindy_yzma","cindy","yzma",0,"F","F"
"351","cindy_opal","cindy","opal",4.13966882649388e-05,"F","F"
"352","cindy_noa","cindy","noa",0.00039110005527916,"F","M"
"353","cindy_pup","cindy","pup",8.35791543756145e-06,"F","M"
"354","cindy_uri","cindy","uri",0.000433665008291874,"F","F"
"355","cindy_xanthe","cindy","xanthe",0.000964360587002096,"F","M"
"356","esther_dante","esther","dante",5.37004491310291e-05,"F","M"
"357","esther_lilith","esther","lilith",0.00159771473601261,"F","F"
"358","esther_queen","esther","queen",8.01603206412826e-05,"F","F"
"359","esther_irma","esther","irma",0.00210508701472557,"F","F"
"360","esther_kelly","esther","kelly",0.00233967582804792,"F","F"
"361","esther_tiffany","esther","tiffany",0.000118697993147332,"F","F"
"362","esther_matt","esther","matt",0,"F","M"
"363","esther_shania","esther","shania",0,"F","F"
"364","esther_alexei","esther","alexei",0.000944444444444444,"F","M"
"365","esther_jupiter","esther","jupiter",0.00625578703703704,"F","F"
"366","esther_bd","esther","bd",0.00376278118609407,"F","F"
"367","esther_cindy","esther","cindy",0.00125168690958165,"F","F"
"368","esther_betty","esther","betty",0.000340124693832109,"F","F"
"369","esther_gayle","esther","gayle",1.03305785123967e-05,"F","F"
"370","esther_hera","esther","hera",0.00334335337341349,"F","F"
"371","esther_bscs","esther","bscs",0.0158630328441649,"F","F"
"372","esther_fran","esther","fran",5.67802271209085e-05,"F","F"
"373","esther_mabel","esther","mabel",1.85936443542934e-05,"F","F"
"374","esther_vixen","esther","vixen",0.000405935737061565,"F","F"
"375","esther_zelda","esther","zelda",0.00127637812230835,"F","F"
"376","esther_winona","esther","winona",0.00141895141895142,"F","F"
"377","esther_rina","esther","rina",0.00104598085059007,"F","F"
"378","esther_alicia","esther","alicia",8.37138508371385e-06,"F","F"
"379","esther_piper","esther","piper",0.00651334776334776,"F","F"
"380","esther_yzma","esther","yzma",0,"F","F"
"381","esther_opal","esther","opal",1.70192073911986e-05,"F","F"
"382","esther_noa","esther","noa",0,"F","M"
"383","esther_pup","esther","pup",0,"F","M"
"384","esther_uri","esther","uri",9.09391534391534e-06,"F","F"
"385","esther_xanthe","esther","xanthe",9.15915915915916e-05,"F","M"
"386","betty_dante","betty","dante",0,"F","M"
"387","betty_lilith","betty","lilith",0.00289868105515588,"F","F"
"388","betty_queen","betty","queen",0.00926798040525495,"F","F"
"389","betty_irma","betty","irma",0.00023602761077711,"F","F"
"390","betty_kelly","betty","kelly",0.000588373183309892,"F","F"
"391","betty_tiffany","betty","tiffany",0.00046031746031746,"F","F"
"392","betty_matt","betty","matt",0,"F","M"
"393","betty_shania","betty","shania",7.34214390602056e-06,"F","F"
"394","betty_alexei","betty","alexei",0.000361111111111111,"F","M"
"395","betty_jupiter","betty","jupiter",0.00103021442495127,"F","F"
"396","betty_bd","betty","bd",0.00065491875274484,"F","F"
"397","betty_cindy","betty","cindy",0.00156550413592667,"F","F"
"398","betty_esther","betty","esther",0.000355154753952349,"F","F"
"399","betty_gayle","betty","gayle",8.15972222222222e-05,"F","F"
"400","betty_hera","betty","hera",0.00100979737252282,"F","F"
"401","betty_bscs","betty","bscs",0.000462770862148456,"F","F"
"402","betty_fran","betty","fran",0.000185555555555556,"F","F"
"403","betty_mabel","betty","mabel",0.000785730286738351,"F","F"
"404","betty_vixen","betty","vixen",0.000146454820579334,"F","F"
"405","betty_zelda","betty","zelda",0.000406877141458639,"F","F"
"406","betty_winona","betty","winona",0.000583034647550777,"F","F"
"407","betty_rina","betty","rina",0.00109222222222222,"F","F"
"408","betty_alicia","betty","alicia",9.08265213442325e-06,"F","F"
"409","betty_piper","betty","piper",0.00094551282051282,"F","F"
"410","betty_yzma","betty","yzma",0,"F","F"
"411","betty_opal","betty","opal",3.35973122150228e-05,"F","F"
"412","betty_noa","betty","noa",0,"F","M"
"413","betty_pup","betty","pup",0,"F","M"
"414","betty_uri","betty","uri",0.000340608465608466,"F","F"
"415","betty_xanthe","betty","xanthe",0,"F","M"
"416","gayle_dante","gayle","dante",0,"F","M"
"417","gayle_lilith","gayle","lilith",1.34742951907131e-05,"F","F"
"418","gayle_queen","gayle","queen",4.75372279495991e-05,"F","F"
"419","gayle_irma","gayle","irma",6.46464646464646e-05,"F","F"
"420","gayle_kelly","gayle","kelly",0.00175721977484092,"F","F"
"421","gayle_tiffany","gayle","tiffany",0.000657088122605364,"F","F"
"422","gayle_matt","gayle","matt",0,"F","M"
"423","gayle_shania","gayle","shania",0,"F","F"
"424","gayle_alexei","gayle","alexei",0,"F","M"
"425","gayle_jupiter","gayle","jupiter",0.00043713163064833,"F","F"
"426","gayle_bd","gayle","bd",0.000515531660692951,"F","F"
"427","gayle_cindy","gayle","cindy",0,"F","F"
"428","gayle_esther","gayle","esther",5.73921028466483e-06,"F","F"
"429","gayle_betty","gayle","betty",1.79398148148148e-05,"F","F"
"430","gayle_hera","gayle","hera",0.000160939289805269,"F","F"
"431","gayle_bscs","gayle","bscs",0.000139495390587094,"F","F"
"432","gayle_fran","gayle","fran",0,"F","F"
"433","gayle_mabel","gayle","mabel",0.00397076023391813,"F","F"
"434","gayle_vixen","gayle","vixen",0.000278425278425278,"F","F"
"435","gayle_zelda","gayle","zelda",0.000608435270132518,"F","F"
"436","gayle_winona","gayle","winona",0.000308159722222222,"F","F"
"437","gayle_rina","gayle","rina",0.000537227949599084,"F","F"
"438","gayle_alicia","gayle","alicia",0.00867345525076198,"F","F"
"439","gayle_piper","gayle","piper",0.00124090795084023,"F","F"
"440","gayle_yzma","gayle","yzma",0,"F","F"
"441","gayle_opal","gayle","opal",0.000821311060491015,"F","F"
"442","gayle_noa","gayle","noa",0,"F","M"
"443","gayle_pup","gayle","pup",0,"F","M"
"444","gayle_uri","gayle","uri",0,"F","F"
"445","gayle_xanthe","gayle","xanthe",0,"F","M"
"446","hera_dante","hera","dante",1.46455770357352e-05,"F","M"
"447","hera_lilith","hera","lilith",0.00562746256895193,"F","F"
"448","hera_queen","hera","queen",0.000275336848271822,"F","F"
"449","hera_irma","hera","irma",0.0111823647294589,"F","F"
"450","hera_kelly","hera","kelly",0.00346899224806202,"F","F"
"451","hera_tiffany","hera","tiffany",0.00125795398923152,"F","F"
"452","hera_matt","hera","matt",0,"F","M"
"453","hera_shania","hera","shania",0.000155210643015521,"F","F"
"454","hera_alexei","hera","alexei",0.00277777777777778,"F","M"
"455","hera_jupiter","hera","jupiter",0.00500683922558923,"F","F"
"456","hera_bd","hera","bd",0.00470063621904113,"F","F"
"457","hera_cindy","hera","cindy",0.00214518668466037,"F","F"
"458","hera_esther","hera","esther",0.00374471164551325,"F","F"
"459","hera_betty","hera","betty",0.00107604097083055,"F","F"
"460","hera_gayle","hera","gayle",0.000190148911798396,"F","F"
"461","hera_bscs","hera","bscs",0.0019362916375495,"F","F"
"462","hera_fran","hera","fran",0.00280115787129815,"F","F"
"463","hera_mabel","hera","mabel",0.00147678611674555,"F","F"
"464","hera_vixen","hera","vixen",0.00049607554574442,"F","F"
"465","hera_zelda","hera","zelda",0.00103843311160384,"F","F"
"466","hera_winona","hera","winona",0.00188909972591187,"F","F"
"467","hera_rina","hera","rina",0.00230126920507682,"F","F"
"468","hera_alicia","hera","alicia",0.00032496194824962,"F","F"
"469","hera_piper","hera","piper",0.0029551467051467,"F","F"
"470","hera_yzma","hera","yzma",0,"F","F"
"471","hera_opal","hera","opal",0.00012095793824459,"F","F"
"472","hera_noa","hera","noa",9.62596259625963e-06,"F","M"
"473","hera_pup","hera","pup",0,"F","M"
"474","hera_uri","hera","uri",0.000193452380952381,"F","F"
"475","hera_xanthe","hera","xanthe",0.000298611111111111,"F","M"
"476","bscs_dante","bscs","dante",8.63852679495138e-05,"F","M"
"477","bscs_lilith","bscs","lilith",0.00243310657596372,"F","F"
"478","bscs_queen","bscs","queen",0,"F","F"
"479","bscs_irma","bscs","irma",0.000713952946657349,"F","F"
"480","bscs_kelly","bscs","kelly",0.00719219219219219,"F","F"
"481","bscs_tiffany","bscs","tiffany",0.000281015281015281,"F","F"
"482","bscs_matt","bscs","matt",0,"F","M"
"483","bscs_shania","bscs","shania",5.85480093676815e-06,"F","F"
"484","bscs_alexei","bscs","alexei",0,"F","M"
"485","bscs_jupiter","bscs","jupiter",0.00433322155153141,"F","F"
"486","bscs_bd","bscs","bd",0.0154233312006824,"F","F"
"487","bscs_cindy","bscs","cindy",0.00157271241830065,"F","F"
"488","bscs_esther","bscs","esther",0.0163510365711624,"F","F"
"489","bscs_betty","bscs","betty",0.000557860765329645,"F","F"
"490","bscs_gayle","bscs","gayle",0.000135856380397865,"F","F"
"491","bscs_hera","bscs","hera",0.00185010482180293,"F","F"
"492","bscs_fran","bscs","fran",0.000173820701989716,"F","F"
"493","bscs_mabel","bscs","mabel",0.000260084925690021,"F","F"
"494","bscs_vixen","bscs","vixen",0.00134585289514867,"F","F"
"495","bscs_zelda","bscs","zelda",0.00114550882658359,"F","F"
"496","bscs_winona","bscs","winona",0.000450279046169457,"F","F"
"497","bscs_rina","bscs","rina",0.00247708473060586,"F","F"
"498","bscs_alicia","bscs","alicia",0.0002455919395466,"F","F"
"499","bscs_piper","bscs","piper",0.0120719178082192,"F","F"
"500","bscs_yzma","bscs","yzma",0,"F","F"
"501","bscs_opal","bscs","opal",0.00037785476007185,"F","F"
"502","bscs_noa","bscs","noa",0.000349842767295598,"F","M"
"503","bscs_pup","bscs","pup",9.82826401820815e-06,"F","M"
"504","bscs_uri","bscs","uri",0.00391735918744229,"F","F"
"505","bscs_xanthe","bscs","xanthe",0.000728956228956229,"F","M"
"506","fran_dante","fran","dante",0.00010672514619883,"F","M"
"507","fran_lilith","fran","lilith",0.000224493361285814,"F","F"
"508","fran_queen","fran","queen",8.90670229347584e-06,"F","F"
"509","fran_irma","fran","irma",0.000253284346470719,"F","F"
"510","fran_kelly","fran","kelly",0.00370253164556962,"F","F"
"511","fran_tiffany","fran","tiffany",0.00192185592185592,"F","F"
"512","fran_matt","fran","matt",0,"F","M"
"513","fran_shania","fran","shania",0,"F","F"
"514","fran_alexei","fran","alexei",0,"F","M"
"515","fran_jupiter","fran","jupiter",0.0013468809073724,"F","F"
"516","fran_bd","fran","bd",0.0026592970521542,"F","F"
"517","fran_cindy","fran","cindy",0.000108866442199776,"F","F"
"518","fran_esther","fran","esther",1.1690046760187e-05,"F","F"
"519","fran_betty","fran","betty",0.000272222222222222,"F","F"
"520","fran_gayle","fran","gayle",0,"F","F"
"521","fran_hera","fran","hera",0.00266755733689601,"F","F"
"522","fran_bscs","fran","bscs",0.000146434160518668,"F","F"
"523","fran_mabel","fran","mabel",0,"F","F"
"524","fran_vixen","fran","vixen",6.42437591776799e-05,"F","F"
"525","fran_zelda","fran","zelda",0.00131621088938162,"F","F"
"526","fran_winona","fran","winona",0.00145803270803271,"F","F"
"527","fran_rina","fran","rina",0.00186013645224172,"F","F"
"528","fran_alicia","fran","alicia",0,"F","F"
"529","fran_piper","fran","piper",0.00222762179025678,"F","F"
"530","fran_yzma","fran","yzma",0,"F","F"
"531","fran_opal","fran","opal",0.000113415817564289,"F","F"
"532","fran_noa","fran","noa",0,"F","M"
"533","fran_pup","fran","pup",0,"F","M"
"534","fran_uri","fran","uri",0,"F","F"
"535","fran_xanthe","fran","xanthe",0,"F","M"
"536","mabel_dante","mabel","dante",0,"F","M"
"537","mabel_lilith","mabel","lilith",9.39248601119105e-05,"F","F"
"538","mabel_queen","mabel","queen",0,"F","F"
"539","mabel_irma","mabel","irma",0,"F","F"
"540","mabel_kelly","mabel","kelly",0.00108328082335644,"F","F"
"541","mabel_tiffany","mabel","tiffany",0.00159985152190052,"F","F"
"542","mabel_matt","mabel","matt",0.000242316784869976,"F","M"
"543","mabel_shania","mabel","shania",0,"F","F"
"544","mabel_alexei","mabel","alexei",0.000361111111111111,"F","M"
"545","mabel_jupiter","mabel","jupiter",0.000511472275334608,"F","F"
"546","mabel_bd","mabel","bd",0.000496894409937888,"F","F"
"547","mabel_cindy","mabel","cindy",0.000723684210526316,"F","F"
"548","mabel_esther","mabel","esther",1.29592066711742e-05,"F","F"
"549","mabel_betty","mabel","betty",0.000759408602150538,"F","F"
"550","mabel_gayle","mabel","gayle",0.00385263157894737,"F","F"
"551","mabel_hera","mabel","hera",0.00145706558485463,"F","F"
"552","mabel_bscs","mabel","bscs",6.42840292521821e-05,"F","F"
"553","mabel_fran","mabel","fran",0,"F","F"
"554","mabel_vixen","mabel","vixen",0.000168560606060606,"F","F"
"555","mabel_zelda","mabel","zelda",0.00170536828963795,"F","F"
"556","mabel_winona","mabel","winona",0.00314997563352827,"F","F"
"557","mabel_rina","mabel","rina",0.00085863697705803,"F","F"
"558","mabel_alicia","mabel","alicia",0,"F","F"
"559","mabel_piper","mabel","piper",0.00354911256990032,"F","F"
"560","mabel_yzma","mabel","yzma",0,"F","F"
"561","mabel_opal","mabel","opal",0.00048033526756931,"F","F"
"562","mabel_noa","mabel","noa",0.020124139626352,"F","M"
"563","mabel_pup","mabel","pup",0,"F","M"
"564","mabel_uri","mabel","uri",0,"F","F"
"565","mabel_xanthe","mabel","xanthe",0,"F","M"
"566","vixen_dante","vixen","dante",0,"F","M"
"567","vixen_lilith","vixen","lilith",0.000112547892720307,"F","F"
"568","vixen_queen","vixen","queen",6.13195977434388e-06,"F","F"
"569","vixen_irma","vixen","irma",0.00058531746031746,"F","F"
"570","vixen_kelly","vixen","kelly",0.000554936896807721,"F","F"
"571","vixen_tiffany","vixen","tiffany",0.000272680937818552,"F","F"
"572","vixen_matt","vixen","matt",0,"F","M"
"573","vixen_shania","vixen","shania",0,"F","F"
"574","vixen_alexei","vixen","alexei",0,"F","M"
"575","vixen_jupiter","vixen","jupiter",0.000682014699524427,"F","F"
"576","vixen_bd","vixen","bd",0.00101604938271605,"F","F"
"577","vixen_cindy","vixen","cindy",0.000109016999260902,"F","F"
"578","vixen_esther","vixen","esther",0.000403482953151827,"F","F"
"579","vixen_betty","vixen","betty",0.000143212278426286,"F","F"
"580","vixen_gayle","vixen","gayle",0.000245402745402745,"F","F"
"581","vixen_hera","vixen","hera",0.000454378219278882,"F","F"
"582","vixen_bscs","vixen","bscs",0.000693792383933229,"F","F"
"583","vixen_fran","vixen","fran",5.7513460597161e-05,"F","F"
"584","vixen_mabel","vixen","mabel",0.000144570707070707,"F","F"
"585","vixen_zelda","vixen","zelda",0.00167562724014337,"F","F"
"586","vixen_winona","vixen","winona",0.000394506866416979,"F","F"
"587","vixen_rina","vixen","rina",0.000889011257953989,"F","F"
"588","vixen_alicia","vixen","alicia",0.0123655913978495,"F","F"
"589","vixen_piper","vixen","piper",0.000906498015873016,"F","F"
"590","vixen_yzma","vixen","yzma",0,"F","F"
"591","vixen_opal","vixen","opal",0.000106544901065449,"F","F"
"592","vixen_noa","vixen","noa",0,"F","M"
"593","vixen_pup","vixen","pup",0,"F","M"
"594","vixen_uri","vixen","uri",6.61375661375661e-06,"F","F"
"595","vixen_xanthe","vixen","xanthe",8.68055555555556e-06,"F","M"
"596","zelda_dante","zelda","dante",0,"F","M"
"597","zelda_lilith","zelda","lilith",0.000256857275685728,"F","F"
"598","zelda_queen","zelda","queen",0,"F","F"
"599","zelda_irma","zelda","irma",0.000109876543209877,"F","F"
"600","zelda_kelly","zelda","kelly",0.00105494505494505,"F","F"
"601","zelda_tiffany","zelda","tiffany",0.000982615268329554,"F","F"
"602","zelda_matt","zelda","matt",0,"F","M"
"603","zelda_shania","zelda","shania",0,"F","F"
"604","zelda_alexei","zelda","alexei",0.000308641975308642,"F","M"
"605","zelda_jupiter","zelda","jupiter",0.000569590643274854,"F","F"
"606","zelda_bd","zelda","bd",0.000375816993464052,"F","F"
"607","zelda_cindy","zelda","cindy",0.0012829514658783,"F","F"
"608","zelda_esther","zelda","esther",0.00121070198105082,"F","F"
"609","zelda_betty","zelda","betty",0.000383015173764072,"F","F"
"610","zelda_gayle","zelda","gayle",0.000590596330275229,"F","F"
"611","zelda_hera","zelda","hera",0.00109817689085982,"F","F"
"612","zelda_bscs","zelda","bscs",0.000676272066458982,"F","F"
"613","zelda_fran","zelda","fran",0.00125215570337522,"F","F"
"614","zelda_mabel","zelda","mabel",0.00150124843945069,"F","F"
"615","zelda_vixen","zelda","vixen",0.0017268305171531,"F","F"
"616","zelda_winona","zelda","winona",0.0029320987654321,"F","F"
"617","zelda_rina","zelda","rina",0.000891845282089185,"F","F"
"618","zelda_alicia","zelda","alicia",0.00118798043326345,"F","F"
"619","zelda_piper","zelda","piper",0.00224542124542125,"F","F"
"620","zelda_yzma","zelda","yzma",0,"F","F"
"621","zelda_opal","zelda","opal",0.000984232569598423,"F","F"
"622","zelda_noa","zelda","noa",0,"F","M"
"623","zelda_pup","zelda","pup",0,"F","M"
"624","zelda_uri","zelda","uri",0,"F","F"
"625","zelda_xanthe","zelda","xanthe",0.0180885885885886,"F","M"
"626","winona_dante","winona","dante",0,"F","M"
"627","winona_lilith","winona","lilith",4.9683830171635e-05,"F","F"
"628","winona_queen","winona","queen",3.16255534471853e-06,"F","F"
"629","winona_irma","winona","irma",0.00013047138047138,"F","F"
"630","winona_kelly","winona","kelly",0.000774916547448736,"F","F"
"631","winona_tiffany","winona","tiffany",0.00235893611732538,"F","F"
"632","winona_matt","winona","matt",0,"F","M"
"633","winona_shania","winona","shania",8.02469135802469e-06,"F","F"
"634","winona_alexei","winona","alexei",0.0530833333333333,"F","M"
"635","winona_jupiter","winona","jupiter",0.000515546410608139,"F","F"
"636","winona_bd","winona","bd",0.000551253687315634,"F","F"
"637","winona_cindy","winona","cindy",0.00075309992706054,"F","F"
"638","winona_esther","winona","esther",0.00148088023088023,"F","F"
"639","winona_betty","winona","betty",0.000572281959378734,"F","F"
"640","winona_gayle","winona","gayle",0.00029389880952381,"F","F"
"641","winona_hera","winona","hera",0.00163978494623656,"F","F"
"642","winona_bscs","winona","bscs",0.000426813800101471,"F","F"
"643","winona_fran","winona","fran",0.00122113997113997,"F","F"
"644","winona_mabel","winona","mabel",0.00270955165692008,"F","F"
"645","winona_vixen","winona","vixen",0.000580524344569288,"F","F"
"646","winona_zelda","winona","zelda",0.00290740740740741,"F","F"
"647","winona_rina","winona","rina",0.00354076479076479,"F","F"
"648","winona_alicia","winona","alicia",0.000685128726287263,"F","F"
"649","winona_piper","winona","piper",0.00872499397445168,"F","F"
"650","winona_yzma","winona","yzma",0.000351037851037851,"F","F"
"651","winona_opal","winona","opal",0.00107029727095517,"F","F"
"652","winona_noa","winona","noa",0,"F","M"
"653","winona_pup","winona","pup",0,"F","M"
"654","winona_uri","winona","uri",0,"F","F"
"655","winona_xanthe","winona","xanthe",0,"F","M"
"656","rina_dante","rina","dante",5.50682261208577e-05,"F","M"
"657","rina_lilith","rina","lilith",0.00129454926624738,"F","F"
"658","rina_queen","rina","queen",1.83700734802939e-05,"F","F"
"659","rina_irma","rina","irma",0.00018648407926965,"F","F"
"660","rina_kelly","rina","kelly",0.00112400375058603,"F","F"
"661","rina_tiffany","rina","tiffany",0.000542735042735043,"F","F"
"662","rina_matt","rina","matt",0,"F","M"
"663","rina_shania","rina","shania",0,"F","F"
"664","rina_alexei","rina","alexei",0,"F","M"
"665","rina_jupiter","rina","jupiter",0.000833333333333333,"F","F"
"666","rina_bd","rina","bd",0.000744897959183673,"F","F"
"667","rina_cindy","rina","cindy",0.000681257014590348,"F","F"
"668","rina_esther","rina","esther",0.00107771097751058,"F","F"
"669","rina_betty","rina","betty",0.00103444444444444,"F","F"
"670","rina_gayle","rina","gayle",0.000528636884306987,"F","F"
"671","rina_hera","rina","hera",0.00230126920507682,"F","F"
"672","rina_bscs","rina","bscs",0.00233009166107758,"F","F"
"673","rina_fran","rina","fran",0.00173001949317739,"F","F"
"674","rina_mabel","rina","mabel",0.000765294646873594,"F","F"
"675","rina_vixen","rina","vixen",0.000947748409202154,"F","F"
"676","rina_zelda","rina","zelda",0.00101933973885193,"F","F"
"677","rina_winona","rina","winona",0.00367303992303992,"F","F"
"678","rina_alicia","rina","alicia",0.000547184170471842,"F","F"
"679","rina_piper","rina","piper",0.00401967842572594,"F","F"
"680","rina_yzma","rina","yzma",0.000520025839793282,"F","F"
"681","rina_opal","rina","opal",0.000129791363415818,"F","F"
"682","rina_noa","rina","noa",8.25082508250825e-06,"F","M"
"683","rina_pup","rina","pup",5.84795321637427e-06,"F","M"
"684","rina_uri","rina","uri",1.46627565982405e-05,"F","F"
"685","rina_xanthe","rina","xanthe",0,"F","M"
"686","alicia_dante","alicia","dante",0,"F","M"
"687","alicia_lilith","alicia","lilith",0,"F","F"
"688","alicia_queen","alicia","queen",0,"F","F"
"689","alicia_irma","alicia","irma",3.50529100529101e-05,"F","F"
"690","alicia_kelly","alicia","kelly",0.000159783677482793,"F","F"
"691","alicia_tiffany","alicia","tiffany",0.000193576388888889,"F","F"
"692","alicia_matt","alicia","matt",0,"F","M"
"693","alicia_shania","alicia","shania",0,"F","F"
"694","alicia_alexei","alicia","alexei",0.000833333333333333,"F","M"
"695","alicia_jupiter","alicia","jupiter",0.000215643274853801,"F","F"
"696","alicia_bd","alicia","bd",0.000162999185004075,"F","F"
"697","alicia_cindy","alicia","cindy",0.000115995115995116,"F","F"
"698","alicia_esther","alicia","esther",8.37138508371385e-06,"F","F"
"699","alicia_betty","alicia","betty",9.08265213442325e-06,"F","F"
"700","alicia_gayle","alicia","gayle",0.00888958160155168,"F","F"
"701","alicia_hera","alicia","hera",0.000323439878234399,"F","F"
"702","alicia_bscs","alicia","bscs",0.000283375314861461,"F","F"
"703","alicia_fran","alicia","fran",0.000210806697108067,"F","F"
"704","alicia_mabel","alicia","mabel",2.36568986568987e-05,"F","F"
"705","alicia_vixen","alicia","vixen",0.018966275659824,"F","F"
"706","alicia_zelda","alicia","zelda",0.00157320055904962,"F","F"
"707","alicia_winona","alicia","winona",0.000185467479674797,"F","F"
"708","alicia_rina","alicia","rina",0.000294520547945205,"F","F"
"709","alicia_piper","alicia","piper",0.000145663956639566,"F","F"
"710","alicia_opal","alicia","opal",1.43970189701897e-05,"F","F"
"711","alicia_noa","alicia","noa",3.16281628162816e-05,"F","M"
"712","alicia_pup","alicia","pup",0,"F","M"
"713","alicia_uri","alicia","uri",0.000108300264550265,"F","F"
"714","alicia_xanthe","alicia","xanthe",0.000190426275331936,"F","M"
"715","piper_dante","piper","dante",0,"F","M"
"716","piper_lilith","piper","lilith",0.000317952249770432,"F","F"
"717","piper_queen","piper","queen",4.20875420875421e-06,"F","F"
"718","piper_irma","piper","irma",0.000286796536796537,"F","F"
"719","piper_kelly","piper","kelly",0.00189388532000952,"F","F"
"720","piper_tiffany","piper","tiffany",0.00262345679012346,"F","F"
"721","piper_matt","piper","matt",0,"F","M"
"722","piper_shania","piper","shania",0,"F","F"
"723","piper_alexei","piper","alexei",0,"F","M"
"724","piper_jupiter","piper","jupiter",0.00107631759069131,"F","F"
"725","piper_bd","piper","bd",0.00275503933136677,"F","F"
"726","piper_cindy","piper","cindy",0.00409961685823755,"F","F"
"727","piper_esther","piper","esther",0.0060455747955748,"F","F"
"728","piper_betty","piper","betty",0.000935422602089269,"F","F"
"729","piper_gayle","piper","gayle",0.00113493855028844,"F","F"
"730","piper_hera","piper","hera",0.00292989417989418,"F","F"
"731","piper_bscs","piper","bscs",0.0105549213597159,"F","F"
"732","piper_fran","piper","fran",0.00198644108471322,"F","F"
"733","piper_mabel","piper","mabel",0.00355336737174812,"F","F"
"734","piper_vixen","piper","vixen",0.0012016369047619,"F","F"
"735","piper_zelda","piper","zelda",0.00221550671550672,"F","F"
"736","piper_winona","piper","winona",0.00863461074957821,"F","F"
"737","piper_rina","piper","rina",0.00372630189584833,"F","F"
"738","piper_alicia","piper","alicia",0.000142276422764228,"F","F"
"739","piper_yzma","piper","yzma",0,"F","F"
"740","piper_opal","piper","opal",0.00213323713323713,"F","F"
"741","piper_noa","piper","noa",0,"F","M"
"742","piper_pup","piper","pup",0,"F","M"
"743","piper_uri","piper","uri",1.07794361525705e-05,"F","F"
"744","piper_xanthe","piper","xanthe",0,"F","M"
"745","yzma_dante","yzma","dante",0,"F","M"
"746","yzma_lilith","yzma","lilith",0,"F","F"
"747","yzma_queen","yzma","queen",0,"F","F"
"748","yzma_irma","yzma","irma",0,"F","F"
"749","yzma_kelly","yzma","kelly",0.00072039072039072,"F","F"
"750","yzma_tiffany","yzma","tiffany",0,"F","F"
"751","yzma_matt","yzma","matt",0,"F","M"
"752","yzma_shania","yzma","shania",0,"F","F"
"753","yzma_jupiter","yzma","jupiter",0,"F","F"
"754","yzma_bd","yzma","bd",0,"F","F"
"755","yzma_cindy","yzma","cindy",0,"F","F"
"756","yzma_esther","yzma","esther",0,"F","F"
"757","yzma_betty","yzma","betty",0,"F","F"
"758","yzma_gayle","yzma","gayle",0,"F","F"
"759","yzma_hera","yzma","hera",2.13675213675214e-05,"F","F"
"760","yzma_bscs","yzma","bscs",0,"F","F"
"761","yzma_fran","yzma","fran",0,"F","F"
"762","yzma_mabel","yzma","mabel",0,"F","F"
"763","yzma_vixen","yzma","vixen",0,"F","F"
"764","yzma_zelda","yzma","zelda",0,"F","F"
"765","yzma_winona","yzma","winona",0,"F","F"
"766","yzma_rina","yzma","rina",0.00177002583979328,"F","F"
"767","yzma_piper","yzma","piper",0,"F","F"
"768","yzma_opal","yzma","opal",0,"F","F"
"769","yzma_pup","yzma","pup",0,"F","M"
"770","opal_dante","opal","dante",0,"F","M"
"771","opal_lilith","opal","lilith",0.000161252354048964,"F","F"
"772","opal_queen","opal","queen",0.000201191344517384,"F","F"
"773","opal_irma","opal","irma",2.60795730228045e-05,"F","F"
"774","opal_kelly","opal","kelly",0.000582694763729247,"F","F"
"775","opal_tiffany","opal","tiffany",0.000670262896825397,"F","F"
"776","opal_matt","opal","matt",0.000206076056936478,"F","M"
"777","opal_shania","opal","shania",0,"F","F"
"778","opal_alexei","opal","alexei",0,"F","M"
"779","opal_jupiter","opal","jupiter",0.000163093591516828,"F","F"
"780","opal_bd","opal","bd",2.60999254287845e-05,"F","F"
"781","opal_cindy","opal","cindy",1.67986561075114e-05,"F","F"
"782","opal_esther","opal","esther",2.91757840991977e-05,"F","F"
"783","opal_betty","opal","betty",1.25989920806335e-05,"F","F"
"784","opal_gayle","opal","gayle",0.000823842065299924,"F","F"
"785","opal_hera","opal","hera",0.00012217359591539,"F","F"
"786","opal_bscs","opal","bscs",5.38876058506543e-05,"F","F"
"787","opal_fran","opal","fran",0,"F","F"
"788","opal_mabel","opal","mabel",0.000356221792392005,"F","F"
"789","opal_vixen","opal","vixen",0.000108447488584475,"F","F"
"790","opal_zelda","opal","zelda",0.00118871643261887,"F","F"
"791","opal_winona","opal","winona",0.00116471734892788,"F","F"
"792","opal_rina","opal","rina",0.000126152353226589,"F","F"
"793","opal_alicia","opal","alicia",1.18563685636856e-05,"F","F"
"794","opal_piper","opal","piper",0.00184283309283309,"F","F"
"795","opal_yzma","opal","yzma",0,"F","F"
"796","opal_noa","opal","noa",0,"F","M"
"797","opal_pup","opal","pup",0,"F","M"
"798","opal_uri","opal","uri",0,"F","F"
"799","opal_xanthe","opal","xanthe",0,"F","M"
"800","noa_dante","noa","dante",0,"M","M"
"801","noa_queen","noa","queen",0,"M","F"
"802","noa_irma","noa","irma",0,"M","F"
"803","noa_kelly","noa","kelly",0,"M","F"
"804","noa_tiffany","noa","tiffany",0,"M","F"
"805","noa_matt","noa","matt",0,"M","M"
"806","noa_shania","noa","shania",0,"M","F"
"807","noa_alexei","noa","alexei",0,"M","M"
"808","noa_jupiter","noa","jupiter",0,"M","F"
"809","noa_bd","noa","bd",0,"M","F"
"810","noa_cindy","noa","cindy",0,"M","F"
"811","noa_esther","noa","esther",0,"M","F"
"812","noa_betty","noa","betty",0,"M","F"
"813","noa_gayle","noa","gayle",0,"M","F"
"814","noa_hera","noa","hera",0,"M","F"
"815","noa_bscs","noa","bscs",0,"M","F"
"816","noa_fran","noa","fran",0,"M","F"
"817","noa_mabel","noa","mabel",0.000125368731563422,"M","F"
"818","noa_vixen","noa","vixen",0,"M","F"
"819","noa_zelda","noa","zelda",0,"M","F"
"820","noa_winona","noa","winona",0,"M","F"
"821","noa_rina","noa","rina",0,"M","F"
"822","noa_alicia","noa","alicia",0,"M","F"
"823","noa_piper","noa","piper",0,"M","F"
"824","noa_opal","noa","opal",0,"M","F"
"825","noa_pup","noa","pup",0,"M","M"
"826","noa_uri","noa","uri",0,"M","F"
"827","noa_xanthe","noa","xanthe",0,"M","M"
"828","pup_dante","pup","dante",0,"M","M"
"829","pup_lilith","pup","lilith",0,"M","F"
"830","pup_queen","pup","queen",0,"M","F"
"831","pup_irma","pup","irma",4.05194297988674e-05,"M","F"
"832","pup_kelly","pup","kelly",0,"M","F"
"833","pup_tiffany","pup","tiffany",0,"M","F"
"834","pup_matt","pup","matt",0,"M","M"
"835","pup_shania","pup","shania",4.30663221360896e-05,"M","F"
"836","pup_alexei","pup","alexei",0,"M","M"
"837","pup_jupiter","pup","jupiter",0.0011611945835652,"M","F"
"838","pup_bd","pup","bd",5.05970451325643e-06,"M","F"
"839","pup_cindy","pup","cindy",0,"M","F"
"840","pup_esther","pup","esther",3.85666861941027e-05,"M","F"
"841","pup_betty","pup","betty",0,"M","F"
"842","pup_gayle","pup","gayle",0,"M","F"
"843","pup_hera","pup","hera",2.34329232571763e-05,"M","F"
"844","pup_bscs","pup","bscs",0,"M","F"
"845","pup_fran","pup","fran",0,"M","F"
"846","pup_mabel","pup","mabel",0,"M","F"
"847","pup_vixen","pup","vixen",0,"M","F"
"848","pup_zelda","pup","zelda",0,"M","F"
"849","pup_winona","pup","winona",2.00295171832174e-05,"M","F"
"850","pup_rina","pup","rina",0,"M","F"
"851","pup_alicia","pup","alicia",0,"M","F"
"852","pup_piper","pup","piper",0,"M","F"
"853","pup_yzma","pup","yzma",0,"M","F"
"854","pup_opal","pup","opal",0,"M","F"
"855","pup_noa","pup","noa",0,"M","M"
"856","pup_uri","pup","uri",0,"M","F"
"857","pup_xanthe","pup","xanthe",0,"M","M"
"858","uri_dante","uri","dante",0,"F","M"
"859","uri_lilith","uri","lilith",0,"F","F"
"860","uri_queen","uri","queen",0,"F","F"
"861","uri_irma","uri","irma",0,"F","F"
"862","uri_kelly","uri","kelly",0,"F","F"
"863","uri_tiffany","uri","tiffany",0,"F","F"
"864","uri_matt","uri","matt",0,"F","M"
"865","uri_shania","uri","shania",0,"F","F"
"866","uri_alexei","uri","alexei",0,"F","M"
"867","uri_jupiter","uri","jupiter",0,"F","F"
"868","uri_bd","uri","bd",0,"F","F"
"869","uri_cindy","uri","cindy",0,"F","F"
"870","uri_esther","uri","esther",0,"F","F"
"871","uri_betty","uri","betty",0,"F","F"
"872","uri_gayle","uri","gayle",0,"F","F"
"873","uri_hera","uri","hera",0,"F","F"
"874","uri_bscs","uri","bscs",0,"F","F"
"875","uri_fran","uri","fran",0,"F","F"
"876","uri_mabel","uri","mabel",0,"F","F"
"877","uri_vixen","uri","vixen",0,"F","F"
"878","uri_zelda","uri","zelda",0,"F","F"
"879","uri_winona","uri","winona",0,"F","F"
"880","uri_rina","uri","rina",0,"F","F"
"881","uri_alicia","uri","alicia",0,"F","F"
"882","uri_piper","uri","piper",0,"F","F"
"883","uri_opal","uri","opal",0,"F","F"
"884","uri_noa","uri","noa",0,"F","M"
"885","uri_pup","uri","pup",0,"F","M"
"886","uri_xanthe","uri","xanthe",0,"F","M"
"887","xanthe_dante","xanthe","dante",0,"M","M"
"888","xanthe_queen","xanthe","queen",0,"M","F"
"889","xanthe_irma","xanthe","irma",0,"M","F"
"890","xanthe_kelly","xanthe","kelly",0,"M","F"
"891","xanthe_tiffany","xanthe","tiffany",0,"M","F"
"892","xanthe_matt","xanthe","matt",0,"M","M"
"893","xanthe_shania","xanthe","shania",0,"M","F"
"894","xanthe_alexei","xanthe","alexei",0,"M","M"
"895","xanthe_jupiter","xanthe","jupiter",0,"M","F"
"896","xanthe_bd","xanthe","bd",0,"M","F"
"897","xanthe_cindy","xanthe","cindy",0,"M","F"
"898","xanthe_esther","xanthe","esther",0,"M","F"
"899","xanthe_betty","xanthe","betty",0,"M","F"
"900","xanthe_gayle","xanthe","gayle",0,"M","F"
"901","xanthe_hera","xanthe","hera",0,"M","F"
"902","xanthe_bscs","xanthe","bscs",0,"M","F"
"903","xanthe_fran","xanthe","fran",0,"M","F"
"904","xanthe_mabel","xanthe","mabel",0,"M","F"
"905","xanthe_vixen","xanthe","vixen",0,"M","F"
"906","xanthe_zelda","xanthe","zelda",0,"M","F"
"907","xanthe_winona","xanthe","winona",0,"M","F"
"908","xanthe_rina","xanthe","rina",0,"M","F"
"909","xanthe_alicia","xanthe","alicia",0,"M","F"
"910","xanthe_piper","xanthe","piper",0,"M","F"
"911","xanthe_opal","xanthe","opal",0,"M","F"
"912","xanthe_noa","xanthe","noa",0,"M","M"
"913","xanthe_pup","xanthe","pup",0,"M","M"
"914","xanthe_uri","xanthe","uri",0,"M","F"
