"","actor","receiver","sharing.sec","observation.hours","observation.seconds","donation.rate","actor.sex","receiver.sex"
"1","c","cat",0,15,54000,0,"F","F"
"2","c","cc",0,17,61200,0,"F","F"
"3","c","ccc",0,18,64800,0,"F","F"
"4","c","ccs",0,19,68400,0,"F","F"
"5","c","cd",0,8,28800,0,"F","F"
"6","c","cs",0,17,61200,0,"F","F"
"7","c","csc",32,3,10800,0.00296296296296296,"F","F"
"8","c","d",0,13,46800,0,"F","F"
"9","c","dcd",0,18,64800,0,"F","F"
"10","c","dd",68,19,68400,0.000994152046783626,"F","F"
"11","c","ddd",0,10,36000,0,"F","M"
"12","c","ddld",0,15,54000,0,"F","F"
"13","c","dld",0,15,54000,0,"F","M"
"14","c","dos",0,16,57600,0,"F","F"
"15","c","dr",0,10,36000,0,"F","F"
"16","c","ds",0,18,64800,0,"F","F"
"17","c","eve",0,15,54000,0,"F","F"
"18","c","hilga",0,1,3600,0,"F","F"
"19","c","ivy",545,20,72000,0.00756944444444444,"F","F"
"20","c","ld",0,10,36000,0,"F","F "
"21","c","ldc",0,15,54000,0,"F","M"
"22","c","ldd",0,15,54000,0,"F","M"
"23","c","lds",81,16,57600,0.00140625,"F","F "
"24","c","lsd",0,4,14400,0,"F","F"
"25","c","no.band",0,12,43200,0,"F","F"
"26","c","ola",0,15,54000,0,"F","F"
"27","c","r",0,17,61200,0,"F","F"
"28","c","rc",13,18,64800,0.000200617283950617,"F","F"
"29","c","s",16,18,64800,0.000246913580246914,"F","F"
"30","c","sc",0,12,43200,0,"F","F"
"31","c","scc",0,3,10800,0,"F","F"
"32","c","scs",0,5,18000,0,"F","F"
"33","c","sd",71,18,64800,0.00109567901234568,"F","F"
"34","c","sld",0,5,18000,0,"F","M"
"35","c","son.of.ola",0,15,54000,0,"F","M"
"36","c","ss",0,11,39600,0,"F","F"
"37","c","sss",0,16,57600,0,"F","F"
"38","c","tes",0,15,54000,0,"F","F"
"39","c","una",0,5,18000,0,"F","F"
"40","cat","c",0,15,54000,0,"F","F"
"41","cat","cc",0,10,36000,0,"F","F"
"42","cat","ccc",212,15,54000,0.00392592592592593,"F","F"
"43","cat","ccs",30,15,54000,0.000555555555555556,"F","F"
"44","cat","cd",138,15,54000,0.00255555555555556,"F","F"
"45","cat","cs",0,10,36000,0,"F","F"
"46","cat","d",256,15,54000,0.00474074074074074,"F","F"
"47","cat","dcd",0,5,18000,0,"F","F"
"48","cat","dd",3845,20,72000,0.0534027777777778,"F","F"
"49","cat","ddd",166,5,18000,0.00922222222222222,"F","M"
"50","cat","ddld",0,15,54000,0,"F","F"
"51","cat","dld",11,15,54000,0.000203703703703704,"F","M"
"52","cat","dos",101,15,54000,0.00187037037037037,"F","F"
"53","cat","dr",0,15,54000,0,"F","F"
"54","cat","ds",0,15,54000,0,"F","F"
"55","cat","eve",857,10,36000,0.0238055555555556,"F","F"
"56","cat","ivy",0,15,54000,0,"F","F"
"57","cat","ld",701,15,54000,0.0129814814814815,"F","F "
"58","cat","ldc",0,1,3600,0,"F","M"
"59","cat","ldd",0,15,54000,0,"F","M"
"60","cat","lds",125,15,54000,0.00231481481481481,"F","F "
"61","cat","lsd",0,4,14400,0,"F","F"
"62","cat","no.band",393,12,43200,0.00909722222222222,"F","F"
"63","cat","ola",1138,15,54000,0.0210740740740741,"F","F"
"64","cat","r",0,15,54000,0,"F","F"
"65","cat","rc",0,5,18000,0,"F","F"
"66","cat","s",0,15,54000,0,"F","F"
"67","cat","sc",73,15,54000,0.00135185185185185,"F","F"
"68","cat","scs",0,14,50400,0,"F","F"
"69","cat","sd",0,14,50400,0,"F","F"
"70","cat","sld",0,10,36000,0,"F","M"
"71","cat","son.of.ola",0,10,36000,0,"F","M"
"72","cat","ss",0,16,57600,0,"F","F"
"73","cat","sss",0,10,36000,0,"F","F"
"74","cat","tes",71,15,54000,0.00131481481481481,"F","F"
"75","cat","una",1165,14,50400,0.0231150793650794,"F","F"
"76","cc","c",74,18,64800,0.00114197530864198,"F","F"
"77","cc","cat",0,10,36000,0,"F","F"
"78","cc","ccc",0,10,36000,0,"F","F"
"79","cc","ccs",0,19,68400,0,"F","F"
"80","cc","cd",239,18,64800,0.00368827160493827,"F","F"
"81","cc","cs",0,18,64800,0,"F","F"
"82","cc","csc",0,3,10800,0,"F","F"
"83","cc","d",197,18,64800,0.00304012345679012,"F","F"
"84","cc","dcd",0,8,28800,0,"F","F"
"85","cc","dd",300,19,68400,0.0043859649122807,"F","F"
"86","cc","ddd",0,10,36000,0,"F","M"
"87","cc","ddld",0,15,54000,0,"F","F"
"88","cc","dld",0,15,54000,0,"F","M"
"89","cc","dos",0,15,54000,0,"F","F"
"90","cc","dr",0,15,54000,0,"F","F"
"91","cc","ds",24,18,64800,0.00037037037037037,"F","F"
"92","cc","eve",0,15,54000,0,"F","F"
"93","cc","hilga",0,1,3600,0,"F","F"
"94","cc","ivy",0,15,54000,0,"F","F"
"95","cc","ld",0,7,25200,0,"F","F "
"96","cc","ldc",5468,15,54000,0.101259259259259,"F","M"
"97","cc","ldd",0,15,54000,0,"F","M"
"98","cc","lds",603,16,57600,0.01046875,"F","F "
"99","cc","lsd",0,4,14400,0,"F","F"
"100","cc","no.band",0,12,43200,0,"F","F"
"101","cc","ola",0,10,36000,0,"F","F"
"102","cc","r",16,17,61200,0.000261437908496732,"F","F"
"103","cc","rc",0,8,28800,0,"F","F"
"104","cc","s",0,18,64800,0,"F","F"
"105","cc","sc",0,14,50400,0,"F","F"
"106","cc","scc",0,3,10800,0,"F","F"
"107","cc","scs",15,17,61200,0.000245098039215686,"F","F"
"108","cc","sd",11,18,64800,0.000169753086419753,"F","F"
"109","cc","sld",0,10,36000,0,"F","M"
"110","cc","son.of.ola",0,3,10800,0,"F","M"
"111","cc","ss",0,20,72000,0,"F","F"
"112","cc","sss",0,11,39600,0,"F","F"
"113","cc","tes",0,15,54000,0,"F","F"
"114","cc","una",0,14,50400,0,"F","F"
"115","ccc","c",0,18,64800,0,"F","F"
"116","ccc","cat",0,16,57600,0,"F","F"
"117","ccc","cc",12,17,61200,0.000196078431372549,"F","F"
"118","ccc","ccs",0,14,50400,0,"F","F"
"119","ccc","cd",0,18,64800,0,"F","F"
"120","ccc","cs",0,18,64800,0,"F","F"
"121","ccc","csc",0,3,10800,0,"F","F"
"122","ccc","d",9,18,64800,0.000138888888888889,"F","F"
"123","ccc","dcd",0,18,64800,0,"F","F"
"124","ccc","dd",0,19,68400,0,"F","F"
"125","ccc","ddd",0,10,36000,0,"F","M"
"126","ccc","ddld",0,15,54000,0,"F","F"
"127","ccc","dld",38,10,36000,0.00105555555555556,"F","M"
"128","ccc","dos",25,8,28800,0.000868055555555556,"F","F"
"129","ccc","dr",0,15,54000,0,"F","F"
"130","ccc","ds",0,13,46800,0,"F","F"
"131","ccc","eve",0,15,54000,0,"F","F"
"132","ccc","hilga",0,1,3600,0,"F","F"
"133","ccc","ivy",0,5,18000,0,"F","F"
"134","ccc","ld",0,5,18000,0,"F","F "
"135","ccc","ldc",0,15,54000,0,"F","M"
"136","ccc","ldd",0,10,36000,0,"F","M"
"137","ccc","lds",0,16,57600,0,"F","F "
"138","ccc","lsd",0,4,14400,0,"F","F"
"139","ccc","no.band",0,12,43200,0,"F","F"
"140","ccc","ola",0,15,54000,0,"F","F"
"141","ccc","r",0,17,61200,0,"F","F"
"142","ccc","rc",10,21,75600,0.000132275132275132,"F","F"
"143","ccc","s",0,21,75600,0,"F","F"
"144","ccc","sc",0,19,68400,0,"F","F"
"145","ccc","scc",0,3,10800,0,"F","F"
"146","ccc","scs",0,17,61200,0,"F","F"
"147","ccc","sd",0,9,32400,0,"F","F"
"148","ccc","sld",8266,11,39600,0.208737373737374,"F","M"
"149","ccc","son.of.ola",0,6,21600,0,"F","M"
"150","ccc","ss",204,15,54000,0.00377777777777778,"F","F"
"151","ccc","sss",0,16,57600,0,"F","F"
"152","ccc","tes",0,15,54000,0,"F","F"
"153","ccc","una",0,14,50400,0,"F","F"
"154","ccs","c",0,18,64800,0,"F","F"
"155","ccs","cat",0,15,54000,0,"F","F"
"156","ccs","cc",293,17,61200,0.00478758169934641,"F","F"
"157","ccs","ccc",0,13,46800,0,"F","F"
"158","ccs","cd",24,18,64800,0.00037037037037037,"F","F"
"159","ccs","cs",114,18,64800,0.00175925925925926,"F","F"
"160","ccs","csc",0,3,10800,0,"F","F"
"161","ccs","d",0,9,32400,0,"F","F"
"162","ccs","dcd",0,18,64800,0,"F","F"
"163","ccs","dd",70,9,32400,0.00216049382716049,"F","F"
"164","ccs","ddd",0,10,36000,0,"F","M"
"165","ccs","ddld",0,6,21600,0,"F","F"
"166","ccs","dld",0,10,36000,0,"F","M"
"167","ccs","dos",0,15,54000,0,"F","F"
"168","ccs","dr",0,15,54000,0,"F","F"
"169","ccs","ds",204,13,46800,0.00435897435897436,"F","F"
"170","ccs","eve",0,6,21600,0,"F","F"
"171","ccs","hilga",0,1,3600,0,"F","F"
"172","ccs","ivy",0,15,54000,0,"F","F"
"173","ccs","ld",0,15,54000,0,"F","F "
"174","ccs","ldc",0,15,54000,0,"F","M"
"175","ccs","ldd",3593,10,36000,0.0998055555555556,"F","M"
"176","ccs","lds",0,16,57600,0,"F","F "
"177","ccs","lsd",0,4,14400,0,"F","F"
"178","ccs","no.band",0,12,43200,0,"F","F"
"179","ccs","ola",0,5,18000,0,"F","F"
"180","ccs","r",37,17,61200,0.000604575163398693,"F","F"
"181","ccs","rc",0,18,64800,0,"F","F"
"182","ccs","s",25,18,64800,0.000385802469135802,"F","F"
"183","ccs","sc",957,23,82800,0.0115579710144928,"F","F"
"184","ccs","scc",0,3,10800,0,"F","F"
"185","ccs","scs",0,17,61200,0,"F","F"
"186","ccs","sd",21,18,64800,0.000324074074074074,"F","F"
"187","ccs","sld",0,10,36000,0,"F","M"
"188","ccs","son.of.ola",0,15,54000,0,"F","M"
"189","ccs","ss",0,15,54000,0,"F","F"
"190","ccs","sss",0,19,68400,0,"F","F"
"191","ccs","tes",461,20,72000,0.00640277777777778,"F","F"
"192","ccs","una",0,15,54000,0,"F","F"
"193","cd","c",0,8,28800,0,"F","F"
"194","cd","cat",15,15,54000,0.000277777777777778,"F","F"
"195","cd","cc",17,17,61200,0.000277777777777778,"F","F"
"196","cd","ccc",0,18,64800,0,"F","F"
"197","cd","ccs",23,19,68400,0.00033625730994152,"F","F"
"198","cd","cs",0,17,61200,0,"F","F"
"199","cd","csc",0,3,10800,0,"F","F"
"200","cd","d",0,18,64800,0,"F","F"
"201","cd","dcd",0,13,46800,0,"F","F"
"202","cd","dd",0,14,50400,0,"F","F"
"203","cd","ddd",0,10,36000,0,"F","M"
"204","cd","ddld",0,15,54000,0,"F","F"
"205","cd","dld",0,15,54000,0,"F","M"
"206","cd","dos",0,10,36000,0,"F","F"
"207","cd","dr",0,15,54000,0,"F","F"
"208","cd","ds",0,18,64800,0,"F","F"
"209","cd","eve",0,15,54000,0,"F","F"
"210","cd","hilga",0,1,3600,0,"F","F"
"211","cd","ivy",0,15,54000,0,"F","F"
"212","cd","ld",0,15,54000,0,"F","F "
"213","cd","ldc",0,15,54000,0,"F","M"
"214","cd","ldd",0,15,54000,0,"F","M"
"215","cd","lds",0,11,39600,0,"F","F "
"216","cd","lsd",1735,4,14400,0.120486111111111,"F","F"
"217","cd","no.band",0,12,43200,0,"F","F"
"218","cd","ola",0,15,54000,0,"F","F"
"219","cd","r",0,12,43200,0,"F","F"
"220","cd","rc",31,18,64800,0.000478395061728395,"F","F"
"221","cd","s",0,18,64800,0,"F","F"
"222","cd","sc",34,12,43200,0.000787037037037037,"F","F"
"223","cd","scc",0,3,10800,0,"F","F"
"224","cd","scs",0,9,32400,0,"F","F"
"225","cd","sd",1948,18,64800,0.0300617283950617,"F","F"
"226","cd","six",33,3,10800,0.00305555555555556,"F","F"
"227","cd","sld",0,10,36000,0,"F","M"
"228","cd","son.of.ola",0,15,54000,0,"F","M"
"229","cd","ss",0,12,43200,0,"F","F"
"230","cd","sss",0,16,57600,0,"F","F"
"231","cd","tes",0,15,54000,0,"F","F"
"232","cd","una",13,5,18000,0.000722222222222222,"F","F"
"233","cs","c",0,13,46800,0,"F","F"
"234","cs","cat",0,15,54000,0,"F","F"
"235","cs","cc",0,17,61200,0,"F","F"
"236","cs","ccc",0,18,64800,0,"F","F"
"237","cs","ccs",34,19,68400,0.000497076023391813,"F","F"
"238","cs","cd",124,18,64800,0.00191358024691358,"F","F"
"239","cs","csc",0,3,10800,0,"F","F"
"240","cs","d",0,18,64800,0,"F","F"
"241","cs","dcd",0,18,64800,0,"F","F"
"242","cs","dd",0,19,68400,0,"F","F"
"243","cs","ddd",0,10,36000,0,"F","M"
"244","cs","ddld",0,15,54000,0,"F","F"
"245","cs","dld",0,15,54000,0,"F","M"
"246","cs","dos",0,15,54000,0,"F","F"
"247","cs","ds",0,10,36000,0,"F","F"
"248","cs","eve",0,10,36000,0,"F","F"
"249","cs","hilga",0,1,3600,0,"F","F"
"250","cs","ivy",0,15,54000,0,"F","F"
"251","cs","ld",7241,10,36000,0.201138888888889,"F","F "
"252","cs","ldc",0,10,36000,0,"F","M"
"253","cs","ldd",0,15,54000,0,"F","M"
"254","cs","lds",0,16,57600,0,"F","F "
"255","cs","lsd",0,1,3600,0,"F","F"
"256","cs","no.band",0,6,21600,0,"F","F"
"257","cs","ola",0,15,54000,0,"F","F"
"258","cs","r",6,17,61200,9.80392156862745e-05,"F","F"
"259","cs","rc",524,18,64800,0.00808641975308642,"F","F"
"260","cs","s",0,18,64800,0,"F","F"
"261","cs","sc",0,18,64800,0,"F","F"
"262","cs","scc",1016,3,10800,0.0940740740740741,"F","F"
"263","cs","scs",158,16,57600,0.00274305555555556,"F","F"
"264","cs","sd",0,18,64800,0,"F","F"
"265","cs","sld",0,7,25200,0,"F","M"
"266","cs","son.of.ola",0,15,54000,0,"F","M"
"267","cs","ss",0,19,68400,0,"F","F"
"268","cs","sss",0,16,57600,0,"F","F"
"269","cs","tes",0,7,25200,0,"F","F"
"270","cs","una",5,14,50400,9.92063492063492e-05,"F","F"
"271","csc","c",0,3,10800,0,"F","F"
"272","csc","cc",0,2,7200,0,"F","F"
"273","csc","ccc",0,3,10800,0,"F","F"
"274","csc","ccs",0,4,14400,0,"F","F"
"275","csc","cd",0,3,10800,0,"F","F"
"276","csc","cs",0,3,10800,0,"F","F"
"277","csc","d",0,3,10800,0,"F","F"
"278","csc","dcd",0,3,10800,0,"F","F"
"279","csc","dd",0,4,14400,0,"F","F"
"280","csc","ds",0,3,10800,0,"F","F"
"281","csc","hilga",0,1,3600,0,"F","F"
"282","csc","r",0,2,7200,0,"F","F"
"283","csc","rc",0,3,10800,0,"F","F"
"284","csc","s",0,3,10800,0,"F","F"
"285","csc","sc",0,4,14400,0,"F","F"
"286","csc","scc",0,3,10800,0,"F","F"
"287","csc","scs",0,3,10800,0,"F","F"
"288","csc","sd",0,4,14400,0,"F","F"
"289","csc","six",0,2,7200,0,"F","F"
"290","csc","ss",0,4,14400,0,"F","F"
"291","csc","sss",0,1,3600,0,"F","F"
"292","csc","tes",0,1,3600,0,"F","F"
"293","d","c",0,18,64800,0,"F","F"
"294","d","cat",0,15,54000,0,"F","F"
"295","d","cc",0,17,61200,0,"F","F"
"296","d","ccc",0,13,46800,0,"F","F"
"297","d","ccs",20,14,50400,0.000396825396825397,"F","F"
"298","d","cd",0,18,64800,0,"F","F"
"299","d","cs",0,18,64800,0,"F","F"
"300","d","csc",0,3,10800,0,"F","F"
"301","d","dcd",0,18,64800,0,"F","F"
"302","d","dd",0,19,68400,0,"F","F"
"303","d","ddd",0,10,36000,0,"F","M"
"304","d","ddld",0,5,18000,0,"F","F"
"305","d","dld",4269,10,36000,0.118583333333333,"F","M"
"306","d","dos",0,15,54000,0,"F","F"
"307","d","dr",0,15,54000,0,"F","F"
"308","d","ds",9,18,64800,0.000138888888888889,"F","F"
"309","d","eve",0,5,18000,0,"F","F"
"310","d","hilga",0,1,3600,0,"F","F"
"311","d","ivy",0,15,54000,0,"F","F"
"312","d","ld",0,15,54000,0,"F","F "
"313","d","ldc",0,15,54000,0,"F","M"
"314","d","ldd",0,11,39600,0,"F","M"
"315","d","lds",0,12,43200,0,"F","F "
"316","d","lsd",0,4,14400,0,"F","F"
"317","d","no.band",0,12,43200,0,"F","F"
"318","d","ola",126,16,57600,0.0021875,"F","F"
"319","d","r",0,17,61200,0,"F","F"
"320","d","rc",8,18,64800,0.000123456790123457,"F","F"
"321","d","s",0,14,50400,0,"F","F"
"322","d","sc",0,19,68400,0,"F","F"
"323","d","scc",0,3,10800,0,"F","F"
"324","d","scs",79,17,61200,0.00129084967320261,"F","F"
"325","d","sd",26,23,82800,0.000314009661835749,"F","F"
"326","d","sld",18,5,18000,0.001,"F","M"
"327","d","son.of.ola",0,15,54000,0,"F","M"
"328","d","ss",78,19,68400,0.00114035087719298,"F","F"
"329","d","sss",0,16,57600,0,"F","F"
"330","d","tes",0,15,54000,0,"F","F"
"331","d","una",0,19,68400,0,"F","F"
"332","dcd","c",0,18,64800,0,"F","F"
"333","dcd","cat",0,15,54000,0,"F","F"
"334","dcd","cc",0,7,25200,0,"F","F"
"335","dcd","ccc",26,10,36000,0.000722222222222222,"F","F"
"336","dcd","ccs",0,19,68400,0,"F","F"
"337","dcd","cd",252,13,46800,0.00538461538461538,"F","F"
"338","dcd","cs",962,18,64800,0.0148456790123457,"F","F"
"339","dcd","csc",0,3,10800,0,"F","F"
"340","dcd","d",0,18,64800,0,"F","F"
"341","dcd","dd",40,14,50400,0.000793650793650794,"F","F"
"342","dcd","ddd",0,10,36000,0,"F","M"
"343","dcd","ddld",0,15,54000,0,"F","F"
"344","dcd","dld",11,15,54000,0.000203703703703704,"F","M"
"345","dcd","dos",0,10,36000,0,"F","F"
"346","dcd","dr",2149,15,54000,0.0397962962962963,"F","F"
"347","dcd","ds",7390,18,64800,0.114043209876543,"F","F"
"348","dcd","eve",374,20,72000,0.00519444444444444,"F","F"
"349","dcd","hilga",0,1,3600,0,"F","F"
"350","dcd","ivy",0,16,57600,0,"F","F"
"351","dcd","ld",0,7,25200,0,"F","F "
"352","dcd","ldc",0,15,54000,0,"F","M"
"353","dcd","ldd",0,15,54000,0,"F","M"
"354","dcd","lds",0,11,39600,0,"F","F "
"355","dcd","lsd",0,4,14400,0,"F","F"
"356","dcd","no.band",0,12,43200,0,"F","F"
"357","dcd","ola",0,15,54000,0,"F","F"
"358","dcd","r",0,12,43200,0,"F","F"
"359","dcd","rc",0,8,28800,0,"F","F"
"360","dcd","s",0,18,64800,0,"F","F"
"361","dcd","sc",0,19,68400,0,"F","F"
"362","dcd","scc",38,3,10800,0.00351851851851852,"F","F"
"363","dcd","scs",43,17,61200,0.000702614379084967,"F","F"
"364","dcd","sd",0,18,64800,0,"F","F"
"365","dcd","sld",0,10,36000,0,"F","M"
"366","dcd","son.of.ola",0,8,28800,0,"F","M"
"367","dcd","ss",0,20,72000,0,"F","F"
"368","dcd","sss",0,16,57600,0,"F","F"
"369","dcd","tes",0,15,54000,0,"F","F"
"370","dcd","una",0,14,50400,0,"F","F"
"371","dd","c",0,18,64800,0,"F","F"
"372","dd","cat",25,20,72000,0.000347222222222222,"F","F"
"373","dd","cc",0,17,61200,0,"F","F"
"374","dd","ccc",0,18,64800,0,"F","F"
"375","dd","ccs",210,9,32400,0.00648148148148148,"F","F"
"376","dd","cd",0,18,64800,0,"F","F"
"377","dd","cs",0,18,64800,0,"F","F"
"378","dd","csc",0,3,10800,0,"F","F"
"379","dd","d",0,9,32400,0,"F","F"
"380","dd","dcd",6,18,64800,9.25925925925926e-05,"F","F"
"381","dd","ddd",260,10,36000,0.00722222222222222,"F","M"
"382","dd","ddld",1294,6,21600,0.0599074074074074,"F","F"
"383","dd","dld",0,15,54000,0,"F","M"
"384","dd","dos",0,15,54000,0,"F","F"
"385","dd","dr",0,15,54000,0,"F","F"
"386","dd","ds",0,18,64800,0,"F","F"
"387","dd","eve",0,6,21600,0,"F","F"
"388","dd","hilga",0,1,3600,0,"F","F"
"389","dd","ivy",0,15,54000,0,"F","F"
"390","dd","ld",156,15,54000,0.00288888888888889,"F","F "
"391","dd","ldc",0,15,54000,0,"F","M"
"392","dd","ldd",0,15,54000,0,"F","M"
"393","dd","lds",0,11,39600,0,"F","F "
"394","dd","lsd",1096,4,14400,0.0761111111111111,"F","F"
"395","dd","no.band",245,12,43200,0.0056712962962963,"F","F"
"396","dd","ola",0,5,18000,0,"F","F"
"397","dd","r",0,12,43200,0,"F","F"
"398","dd","rc",822,18,64800,0.0126851851851852,"F","F"
"399","dd","s",0,18,64800,0,"F","F"
"400","dd","sc",0,19,68400,0,"F","F"
"401","dd","scc",0,3,10800,0,"F","F"
"402","dd","scs",154,17,61200,0.00251633986928105,"F","F"
"403","dd","sd",36,18,64800,0.000555555555555556,"F","F"
"404","dd","six",0,1,3600,0,"F","F"
"405","dd","sld",223,10,36000,0.00619444444444444,"F","M"
"406","dd","son.of.ola",0,15,54000,0,"F","M"
"407","dd","ss",141,20,72000,0.00195833333333333,"F","F"
"408","dd","sss",212,16,57600,0.00368055555555556,"F","F"
"409","dd","tes",0,15,54000,0,"F","F"
"410","dd","una",120,14,50400,0.00238095238095238,"F","F"
"411","ddd","c",0,12,43200,0,"M","F"
"412","ddd","cat",0,8,28800,0,"M","F"
"413","ddd","cc",0,8,28800,0,"M","F"
"414","ddd","ccc",0,12,43200,0,"M","F"
"415","ddd","ccs",0,12,43200,0,"M","F"
"416","ddd","cd",0,7,25200,0,"M","F"
"417","ddd","cs",0,12,43200,0,"M","F"
"418","ddd","d",0,12,43200,0,"M","F"
"419","ddd","dcd",0,3,10800,0,"M","F"
"420","ddd","dd",0,12,43200,0,"M","F"
"421","ddd","ddld",0,7,25200,0,"M","F"
"422","ddd","dld",0,12,43200,0,"M","M"
"423","ddd","dos",0,7,25200,0,"M","F"
"424","ddd","dr",0,12,43200,0,"M","F"
"425","ddd","ds",0,12,43200,0,"M","F"
"426","ddd","eve",0,15,54000,0,"M","F"
"427","ddd","ivy",0,12,43200,0,"M","F"
"428","ddd","ld",0,12,43200,0,"M","F "
"429","ddd","ldc",0,8,28800,0,"M","M"
"430","ddd","ldd",0,12,43200,0,"M","M"
"431","ddd","lds",0,12,43200,0,"M","F "
"432","ddd","lsd",0,1,3600,0,"M","F"
"433","ddd","no.band",0,12,43200,0,"M","F"
"434","ddd","ola",0,12,43200,0,"M","F"
"435","ddd","r",0,12,43200,0,"M","F"
"436","ddd","rc",0,8,28800,0,"M","F"
"437","ddd","s",0,12,43200,0,"M","F"
"438","ddd","sc",0,12,43200,0,"M","F"
"439","ddd","scs",0,11,39600,0,"M","F"
"440","ddd","sd",0,11,39600,0,"M","F"
"441","ddd","sld",0,10,36000,0,"M","M"
"442","ddd","son.of.ola",0,15,54000,0,"M","M"
"443","ddd","ss",0,13,46800,0,"M","F"
"444","ddd","sss",0,12,43200,0,"M","F"
"445","ddd","tes",0,7,25200,0,"M","F"
"446","ddd","una",0,12,43200,0,"M","F"
"447","ddld","c",0,15,54000,0,"F","F"
"448","ddld","cat",0,15,54000,0,"F","F"
"449","ddld","cc",0,15,54000,0,"F","F"
"450","ddld","ccc",0,15,54000,0,"F","F"
"451","ddld","ccs",0,15,54000,0,"F","F"
"452","ddld","cd",0,10,36000,0,"F","F"
"453","ddld","cs",0,15,54000,0,"F","F"
"454","ddld","d",0,5,18000,0,"F","F"
"455","ddld","dcd",0,10,36000,0,"F","F"
"456","ddld","dd",1012,15,54000,0.0187407407407407,"F","F"
"457","ddld","ddd",0,5,18000,0,"F","M"
"458","ddld","dld",184,15,54000,0.00340740740740741,"F","M"
"459","ddld","dos",0,10,36000,0,"F","F"
"460","ddld","dr",0,15,54000,0,"F","F"
"461","ddld","ds",214,15,54000,0.00396296296296296,"F","F"
"462","ddld","eve",0,5,18000,0,"F","F"
"463","ddld","ivy",0,15,54000,0,"F","F"
"464","ddld","ld",123,15,54000,0.00227777777777778,"F","F "
"465","ddld","ldc",0,15,54000,0,"F","M"
"466","ddld","ldd",0,11,39600,0,"F","M"
"467","ddld","lds",0,12,43200,0,"F","F "
"468","ddld","lsd",0,4,14400,0,"F","F"
"469","ddld","no.band",0,12,43200,0,"F","F"
"470","ddld","ola",58,20,72000,0.000805555555555556,"F","F"
"471","ddld","r",0,15,54000,0,"F","F"
"472","ddld","rc",0,15,54000,0,"F","F"
"473","ddld","s",0,11,39600,0,"F","F"
"474","ddld","sc",130,15,54000,0.00240740740740741,"F","F"
"475","ddld","scs",0,14,50400,0,"F","F"
"476","ddld","sd",280,14,50400,0.00555555555555556,"F","F"
"477","ddld","sld",0,10,36000,0,"F","M"
"478","ddld","son.of.ola",0,15,54000,0,"F","M"
"479","ddld","ss",599,20,72000,0.00831944444444445,"F","F"
"480","ddld","sss",0,15,54000,0,"F","F"
"481","ddld","tes",0,10,36000,0,"F","F"
"482","ddld","una",0,14,50400,0,"F","F"
"483","dld","c",0,5,18000,0,"M","F"
"484","dld","cat",0,15,54000,0,"M","F"
"485","dld","cc",12,15,54000,0.000222222222222222,"M","F"
"486","dld","ccc",0,10,36000,0,"M","F"
"487","dld","ccs",0,10,36000,0,"M","F"
"488","dld","cd",0,5,18000,0,"M","F"
"489","dld","cs",0,15,54000,0,"M","F"
"490","dld","d",302,18,64800,0.00466049382716049,"M","F"
"491","dld","dcd",0,15,54000,0,"M","F"
"492","dld","dd",0,15,54000,0,"M","F"
"493","dld","ddd",0,10,36000,0,"M","M"
"494","dld","ddld",0,15,54000,0,"M","F"
"495","dld","dos",0,15,54000,0,"M","F"
"496","dld","dr",0,15,54000,0,"M","F"
"497","dld","ds",0,10,36000,0,"M","F"
"498","dld","eve",25,15,54000,0.000462962962962963,"M","F"
"499","dld","ivy",0,15,54000,0,"M","F"
"500","dld","ld",0,15,54000,0,"M","F "
"501","dld","ldc",0,15,54000,0,"M","M"
"502","dld","ldd",0,10,36000,0,"M","M"
"503","dld","lds",0,16,57600,0,"M","F "
"504","dld","lsd",0,4,14400,0,"M","F"
"505","dld","no.band",0,12,43200,0,"M","F"
"506","dld","ola",0,15,54000,0,"M","F"
"507","dld","r",0,5,18000,0,"M","F"
"508","dld","rc",0,15,54000,0,"M","F"
"509","dld","s",0,15,54000,0,"M","F"
"510","dld","sc",0,15,54000,0,"M","F"
"511","dld","scs",0,18,64800,0,"M","F"
"512","dld","sd",153,19,68400,0.00223684210526316,"M","F"
"513","dld","sld",0,10,36000,0,"M","M"
"514","dld","son.of.ola",0,15,54000,0,"M","M"
"515","dld","ss",0,11,39600,0,"M","F"
"516","dld","sss",0,5,18000,0,"M","F"
"517","dld","tes",0,15,54000,0,"M","F"
"518","dld","una",0,10,36000,0,"M","F"
"519","dos","c",0,15,54000,0,"F","F"
"520","dos","cat",17,15,54000,0.000314814814814815,"F","F"
"521","dos","cc",0,15,54000,0,"F","F"
"522","dos","ccc",0,17,61200,0,"F","F"
"523","dos","ccs",0,6,21600,0,"F","F"
"524","dos","cd",0,10,36000,0,"F","F"
"525","dos","cs",0,15,54000,0,"F","F"
"526","dos","d",0,15,54000,0,"F","F"
"527","dos","dcd",0,10,36000,0,"F","F"
"528","dos","dd",0,1,3600,0,"F","F"
"529","dos","ddd",0,10,36000,0,"F","M"
"530","dos","ddld",0,15,54000,0,"F","F"
"531","dos","dld",0,15,54000,0,"F","M"
"532","dos","dr",0,15,54000,0,"F","F"
"533","dos","ds",0,15,54000,0,"F","F"
"534","dos","eve",0,15,54000,0,"F","F"
"535","dos","hilga",0,1,3600,0,"F","F"
"536","dos","ivy",0,5,18000,0,"F","F"
"537","dos","ld",0,15,54000,0,"F","F "
"538","dos","ldc",0,15,54000,0,"F","M"
"539","dos","ldd",0,15,54000,0,"F","M"
"540","dos","lds",0,11,39600,0,"F","F "
"541","dos","lsd",0,4,14400,0,"F","F"
"542","dos","no.band",0,12,43200,0,"F","F"
"543","dos","ola",0,6,21600,0,"F","F"
"544","dos","r",0,10,36000,0,"F","F"
"545","dos","rc",838,18,64800,0.0129320987654321,"F","F"
"546","dos","s",0,20,72000,0,"F","F"
"547","dos","sc",0,15,54000,0,"F","F"
"548","dos","scs",0,14,50400,0,"F","F"
"549","dos","sd",0,4,14400,0,"F","F"
"550","dos","sld",0,11,39600,0,"F","M"
"551","dos","son.of.ola",184,14,50400,0.00365079365079365,"F","M"
"552","dos","ss",0,16,57600,0,"F","F"
"553","dos","sss",0,15,54000,0,"F","F"
"554","dos","tes",814,15,54000,0.0150740740740741,"F","F"
"555","dos","una",0,14,50400,0,"F","F"
"556","dr","c",0,10,36000,0,"F","F"
"557","dr","cat",0,15,54000,0,"F","F"
"558","dr","cc",0,15,54000,0,"F","F"
"559","dr","ccc",0,15,54000,0,"F","F"
"560","dr","ccs",0,15,54000,0,"F","F"
"561","dr","cd",0,15,54000,0,"F","F"
"562","dr","cs",0,6,21600,0,"F","F"
"563","dr","d",0,10,36000,0,"F","F"
"564","dr","dcd",9318,15,54000,0.172555555555556,"F","F"
"565","dr","dd",0,15,54000,0,"F","F"
"566","dr","ddd",0,10,36000,0,"F","M"
"567","dr","ddld",0,15,54000,0,"F","F"
"568","dr","dld",0,15,54000,0,"F","M"
"569","dr","dos",0,15,54000,0,"F","F"
"570","dr","ds",2433,6,21600,0.112638888888889,"F","F"
"571","dr","eve",0,15,54000,0,"F","F"
"572","dr","ivy",0,15,54000,0,"F","F"
"573","dr","ld",0,10,36000,0,"F","F "
"574","dr","ldc",0,15,54000,0,"F","M"
"575","dr","ldd",0,15,54000,0,"F","M"
"576","dr","lds",0,16,57600,0,"F","F "
"577","dr","lsd",0,1,3600,0,"F","F"
"578","dr","no.band",0,6,21600,0,"F","F"
"579","dr","ola",0,15,54000,0,"F","F"
"580","dr","r",73,15,54000,0.00135185185185185,"F","F"
"581","dr","rc",0,15,54000,0,"F","F"
"582","dr","s",0,15,54000,0,"F","F"
"583","dr","sc",0,14,50400,0,"F","F"
"584","dr","scs",0,10,36000,0,"F","F"
"585","dr","sd",0,14,50400,0,"F","F"
"586","dr","sld",0,1,3600,0,"F","M"
"587","dr","son.of.ola",0,15,54000,0,"F","M"
"588","dr","ss",0,15,54000,0,"F","F"
"589","dr","sss",6,15,54000,0.000111111111111111,"F","F"
"590","dr","tes",0,6,21600,0,"F","F"
"591","dr","una",0,14,50400,0,"F","F"
"592","ds","c",0,18,64800,0,"F","F"
"593","ds","cat",0,11,39600,0,"F","F"
"594","ds","cc",78,17,61200,0.00127450980392157,"F","F"
"595","ds","ccc",97,18,64800,0.00149691358024691,"F","F"
"596","ds","ccs",66,19,68400,0.000964912280701754,"F","F"
"597","ds","cd",0,18,64800,0,"F","F"
"598","ds","cs",193,18,64800,0.0029783950617284,"F","F"
"599","ds","csc",0,3,10800,0,"F","F"
"600","ds","d",0,18,64800,0,"F","F"
"601","ds","dcd",0,18,64800,0,"F","F"
"602","ds","dd",0,19,68400,0,"F","F"
"603","ds","ddd",52,5,18000,0.00288888888888889,"F","M"
"604","ds","ddld",0,10,36000,0,"F","F"
"605","ds","dld",0,15,54000,0,"F","M"
"606","ds","dos",0,15,54000,0,"F","F"
"607","ds","dr",3964,15,54000,0.0734074074074074,"F","F"
"608","ds","eve",0,15,54000,0,"F","F"
"609","ds","hilga",0,1,3600,0,"F","F"
"610","ds","ivy",0,15,54000,0,"F","F"
"611","ds","ld",0,15,54000,0,"F","F "
"612","ds","ldc",0,11,39600,0,"F","M"
"613","ds","ldd",0,10,36000,0,"F","M"
"614","ds","lds",0,16,57600,0,"F","F "
"615","ds","lsd",0,4,14400,0,"F","F"
"616","ds","no.band",0,10,36000,0,"F","F"
"617","ds","ola",0,15,54000,0,"F","F"
"618","ds","r",119,17,61200,0.00194444444444444,"F","F"
"619","ds","rc",71,18,64800,0.00109567901234568,"F","F"
"620","ds","s",31,18,64800,0.000478395061728395,"F","F"
"621","ds","sc",127,19,68400,0.00185672514619883,"F","F"
"622","ds","scc",0,3,10800,0,"F","F"
"623","ds","scs",0,17,61200,0,"F","F"
"624","ds","sd",0,18,64800,0,"F","F"
"625","ds","sld",0,6,21600,0,"F","M"
"626","ds","son.of.ola",0,15,54000,0,"F","M"
"627","ds","ss",0,15,54000,0,"F","F"
"628","ds","sss",0,16,57600,0,"F","F"
"629","ds","una",19,14,50400,0.000376984126984127,"F","F"
"630","eve","c",0,10,36000,0,"F","F"
"631","eve","cat",517,15,54000,0.00957407407407407,"F","F"
"632","eve","cc",0,15,54000,0,"F","F"
"633","eve","ccc",0,15,54000,0,"F","F"
"634","eve","ccs",0,15,54000,0,"F","F"
"635","eve","cd",0,15,54000,0,"F","F"
"636","eve","cs",0,10,36000,0,"F","F"
"637","eve","d",0,5,18000,0,"F","F"
"638","eve","dcd",4358,19,68400,0.0637134502923977,"F","F"
"639","eve","dd",0,15,54000,0,"F","F"
"640","eve","ddd",6010,10,36000,0.166944444444444,"F","M"
"641","eve","ddld",0,5,18000,0,"F","F"
"642","eve","dld",0,15,54000,0,"F","M"
"643","eve","dos",146,15,54000,0.0027037037037037,"F","F"
"644","eve","dr",0,10,36000,0,"F","F"
"645","eve","ds",0,15,54000,0,"F","F"
"646","eve","ivy",0,15,54000,0,"F","F"
"647","eve","ld",0,10,36000,0,"F","F "
"648","eve","ldc",0,10,36000,0,"F","M"
"649","eve","ldd",0,11,39600,0,"F","M"
"650","eve","lds",95,12,43200,0.00219907407407407,"F","F "
"651","eve","lsd",0,4,14400,0,"F","F"
"652","eve","no.band",0,12,43200,0,"F","F"
"653","eve","ola",43,15,54000,0.000796296296296296,"F","F"
"654","eve","r",0,15,54000,0,"F","F"
"655","eve","rc",0,15,54000,0,"F","F"
"656","eve","s",0,11,39600,0,"F","F"
"657","eve","sc",0,15,54000,0,"F","F"
"658","eve","scs",0,14,50400,0,"F","F"
"659","eve","sd",81,14,50400,0.00160714285714286,"F","F"
"660","eve","sld",0,10,36000,0,"F","M"
"661","eve","son.of.ola",215,15,54000,0.00398148148148148,"F","M"
"662","eve","ss",0,16,57600,0,"F","F"
"663","eve","sss",0,15,54000,0,"F","F"
"664","eve","tes",0,15,54000,0,"F","F"
"665","eve","una",6,14,50400,0.000119047619047619,"F","F"
"666","hilga","c",0,3,10800,0,"F","F"
"667","hilga","cc",0,2,7200,0,"F","F"
"668","hilga","ccc",0,3,10800,0,"F","F"
"669","hilga","ccs",0,4,14400,0,"F","F"
"670","hilga","cd",0,3,10800,0,"F","F"
"671","hilga","cs",0,3,10800,0,"F","F"
"672","hilga","csc",0,3,10800,0,"F","F"
"673","hilga","d",0,3,10800,0,"F","F"
"674","hilga","dcd",0,3,10800,0,"F","F"
"675","hilga","dd",0,4,14400,0,"F","F"
"676","hilga","dos",0,2,7200,0,"F","F"
"677","hilga","ds",0,3,10800,0,"F","F"
"678","hilga","eve",0,1,3600,0,"F","F"
"679","hilga","r",0,2,7200,0,"F","F"
"680","hilga","rc",656,3,10800,0.0607407407407407,"F","F"
"681","hilga","s",0,5,18000,0,"F","F"
"682","hilga","sc",197,4,14400,0.0136805555555556,"F","F"
"683","hilga","scc",0,3,10800,0,"F","F"
"684","hilga","scs",0,3,10800,0,"F","F"
"685","hilga","sd",0,4,14400,0,"F","F"
"686","hilga","ss",0,4,14400,0,"F","F"
"687","hilga","sss",0,1,3600,0,"F","F"
"688","ivy","c",0,20,72000,0,"F","F"
"689","ivy","cat",0,15,54000,0,"F","F"
"690","ivy","cc",0,15,54000,0,"F","F"
"691","ivy","ccc",0,15,54000,0,"F","F"
"692","ivy","ccs",0,6,21600,0,"F","F"
"693","ivy","cd",0,15,54000,0,"F","F"
"694","ivy","cs",0,15,54000,0,"F","F"
"695","ivy","d",0,15,54000,0,"F","F"
"696","ivy","dcd",0,15,54000,0,"F","F"
"697","ivy","dd",16,6,21600,0.000740740740740741,"F","F"
"698","ivy","ddd",0,10,36000,0,"F","M"
"699","ivy","ddld",0,15,54000,0,"F","F"
"700","ivy","dld",0,15,54000,0,"F","M"
"701","ivy","dos",0,5,18000,0,"F","F"
"702","ivy","dr",0,15,54000,0,"F","F"
"703","ivy","ds",0,15,54000,0,"F","F"
"704","ivy","eve",0,15,54000,0,"F","F"
"705","ivy","ld",0,15,54000,0,"F","F "
"706","ivy","ldc",0,15,54000,0,"F","M"
"707","ivy","ldd",0,15,54000,0,"F","M"
"708","ivy","lds",110,16,57600,0.00190972222222222,"F","F "
"709","ivy","lsd",0,4,14400,0,"F","F"
"710","ivy","no.band",0,7,25200,0,"F","F"
"711","ivy","ola",0,6,21600,0,"F","F"
"712","ivy","r",0,15,54000,0,"F","F"
"713","ivy","rc",0,10,36000,0,"F","F"
"714","ivy","s",0,10,36000,0,"F","F"
"715","ivy","sc",0,15,54000,0,"F","F"
"716","ivy","scs",0,14,50400,0,"F","F"
"717","ivy","sld",0,9,32400,0,"F","M"
"718","ivy","son.of.ola",0,14,50400,0,"F","M"
"719","ivy","ss",0,16,57600,0,"F","F"
"720","ivy","sss",0,15,54000,0,"F","F"
"721","ivy","tes",0,15,54000,0,"F","F"
"722","ivy","una",0,9,32400,0,"F","F"
"723","ld","c",0,10,36000,0,"F ","F"
"724","ld","cat",0,15,54000,0,"F ","F"
"725","ld","cc",0,15,54000,0,"F ","F"
"726","ld","ccc",0,5,18000,0,"F ","F"
"727","ld","ccs",0,15,54000,0,"F ","F"
"728","ld","cd",0,15,54000,0,"F ","F"
"729","ld","cs",228,15,54000,0.00422222222222222,"F ","F"
"730","ld","d",0,10,36000,0,"F ","F"
"731","ld","dcd",0,15,54000,0,"F ","F"
"732","ld","dd",0,15,54000,0,"F ","F"
"733","ld","ddd",0,10,36000,0,"F ","M"
"734","ld","ddld",0,15,54000,0,"F ","F"
"735","ld","dld",0,15,54000,0,"F ","M"
"736","ld","dos",0,5,18000,0,"F ","F"
"737","ld","dr",0,10,36000,0,"F ","F"
"738","ld","ds",0,15,54000,0,"F ","F"
"739","ld","eve",0,15,54000,0,"F ","F"
"740","ld","ivy",0,5,18000,0,"F ","F"
"741","ld","ldc",0,15,54000,0,"F ","M"
"742","ld","ldd",0,15,54000,0,"F ","M"
"743","ld","lds",0,16,57600,0,"F ","F "
"744","ld","lsd",0,4,14400,0,"F ","F"
"745","ld","no.band",0,12,43200,0,"F ","F"
"746","ld","ola",0,15,54000,0,"F ","F"
"747","ld","r",0,15,54000,0,"F ","F"
"748","ld","rc",0,15,54000,0,"F ","F"
"749","ld","s",0,15,54000,0,"F ","F"
"750","ld","sc",0,15,54000,0,"F ","F"
"751","ld","scs",0,10,36000,0,"F ","F"
"752","ld","sd",0,5,18000,0,"F ","F"
"753","ld","sld",0,5,18000,0,"F ","M"
"754","ld","son.of.ola",0,6,21600,0,"F ","M"
"755","ld","ss",0,15,54000,0,"F ","F"
"756","ld","sss",0,15,54000,0,"F ","F"
"757","ld","tes",0,15,54000,0,"F ","F"
"758","ld","una",0,14,50400,0,"F ","F"
"759","ldc","c",0,10,36000,0,"M","F"
"760","ldc","cat",0,6,21600,0,"M","F"
"761","ldc","cc",1620,10,36000,0.045,"M","F"
"762","ldc","ccc",0,15,54000,0,"M","F"
"763","ldc","ccs",0,15,54000,0,"M","F"
"764","ldc","cd",0,15,54000,0,"M","F"
"765","ldc","cs",0,10,36000,0,"M","F"
"766","ldc","d",0,15,54000,0,"M","F"
"767","ldc","dcd",0,6,21600,0,"M","F"
"768","ldc","dd",0,15,54000,0,"M","F"
"769","ldc","ddd",0,5,18000,0,"M","M"
"770","ldc","ddld",0,15,54000,0,"M","F"
"771","ldc","dld",368,15,54000,0.00681481481481482,"M","M"
"772","ldc","dos",0,15,54000,0,"M","F"
"773","ldc","dr",0,10,36000,0,"M","F"
"774","ldc","ds",0,15,54000,0,"M","F"
"775","ldc","eve",0,10,36000,0,"M","F"
"776","ldc","ivy",0,15,54000,0,"M","F"
"777","ldc","ld",0,10,36000,0,"M","F "
"778","ldc","ldd",0,15,54000,0,"M","M"
"779","ldc","lds",0,16,57600,0,"M","F "
"780","ldc","lsd",0,4,14400,0,"M","F"
"781","ldc","no.band",0,12,43200,0,"M","F"
"782","ldc","ola",0,15,54000,0,"M","F"
"783","ldc","r",0,15,54000,0,"M","F"
"784","ldc","rc",0,6,21600,0,"M","F"
"785","ldc","s",0,15,54000,0,"M","F"
"786","ldc","sc",0,15,54000,0,"M","F"
"787","ldc","scs",0,14,50400,0,"M","F"
"788","ldc","sd",0,14,50400,0,"M","F"
"789","ldc","sld",556,10,36000,0.0154444444444444,"M","M"
"790","ldc","son.of.ola",0,15,54000,0,"M","M"
"791","ldc","ss",0,16,57600,0,"M","F"
"792","ldc","sss",0,15,54000,0,"M","F"
"793","ldc","tes",0,15,54000,0,"M","F"
"794","ldc","una",0,14,50400,0,"M","F"
"795","ldd","c",0,15,54000,0,"M","F"
"796","ldd","cat",0,15,54000,0,"M","F"
"797","ldd","cc",0,15,54000,0,"M","F"
"798","ldd","ccc",0,15,54000,0,"M","F"
"799","ldd","ccs",0,15,54000,0,"M","F"
"800","ldd","cd",0,15,54000,0,"M","F"
"801","ldd","cs",0,15,54000,0,"M","F"
"802","ldd","d",0,15,54000,0,"M","F"
"803","ldd","dcd",0,15,54000,0,"M","F"
"804","ldd","dd",0,15,54000,0,"M","F"
"805","ldd","ddd",0,5,18000,0,"M","M"
"806","ldd","ddld",0,10,36000,0,"M","F"
"807","ldd","dld",0,7,25200,0,"M","M"
"808","ldd","dos",0,15,54000,0,"M","F"
"809","ldd","dr",0,15,54000,0,"M","F"
"810","ldd","ds",0,10,36000,0,"M","F"
"811","ldd","eve",0,15,54000,0,"M","F"
"812","ldd","ivy",0,15,54000,0,"M","F"
"813","ldd","ld",0,15,54000,0,"M","F "
"814","ldd","ldc",0,15,54000,0,"M","M"
"815","ldd","lds",0,6,21600,0,"M","F "
"816","ldd","lsd",0,4,14400,0,"M","F"
"817","ldd","no.band",0,12,43200,0,"M","F"
"818","ldd","ola",0,15,54000,0,"M","F"
"819","ldd","r",0,7,25200,0,"M","F"
"820","ldd","rc",0,15,54000,0,"M","F"
"821","ldd","s",0,5,18000,0,"M","F"
"822","ldd","sc",0,15,54000,0,"M","F"
"823","ldd","scs",0,14,50400,0,"M","F"
"824","ldd","sd",0,14,50400,0,"M","F"
"825","ldd","sld",0,10,36000,0,"M","M"
"826","ldd","son.of.ola",0,15,54000,0,"M","M"
"827","ldd","ss",0,11,39600,0,"M","F"
"828","ldd","sss",0,7,25200,0,"M","F"
"829","ldd","tes",0,10,36000,0,"M","F"
"830","ldd","una",0,14,50400,0,"M","F"
"831","lds","c",438,15,54000,0.00811111111111111,"F ","F"
"832","lds","cat",0,14,50400,0,"F ","F"
"833","lds","cc",97,15,54000,0.0017962962962963,"F ","F"
"834","lds","ccc",0,15,54000,0,"F ","F"
"835","lds","ccs",0,15,54000,0,"F ","F"
"836","lds","cd",0,15,54000,0,"F ","F"
"837","lds","cs",0,15,54000,0,"F ","F"
"838","lds","d",0,15,54000,0,"F ","F"
"839","lds","dcd",0,14,50400,0,"F ","F"
"840","lds","dd",36,10,36000,0.001,"F ","F"
"841","lds","ddd",0,10,36000,0,"F ","M"
"842","lds","ddld",0,15,54000,0,"F ","F"
"843","lds","dld",0,7,25200,0,"F ","M"
"844","lds","dos",0,15,54000,0,"F ","F"
"845","lds","dr",0,15,54000,0,"F ","F"
"846","lds","ds",56,15,54000,0.00103703703703704,"F ","F"
"847","lds","eve",0,15,54000,0,"F ","F"
"848","lds","ivy",0,15,54000,0,"F ","F"
"849","lds","ld",0,15,54000,0,"F ","F "
"850","lds","ldc",0,15,54000,0,"F ","M"
"851","lds","ldd",0,5,18000,0,"F ","M"
"852","lds","lsd",0,4,14400,0,"F ","F"
"853","lds","no.band",0,12,43200,0,"F ","F"
"854","lds","ola",13,15,54000,0.000240740740740741,"F ","F"
"855","lds","r",163,2,7200,0.0226388888888889,"F ","F"
"856","lds","rc",0,14,50400,0,"F ","F"
"857","lds","s",0,5,18000,0,"F ","F"
"858","lds","sc",0,15,54000,0,"F ","F"
"859","lds","scs",0,14,50400,0,"F ","F"
"860","lds","sd",0,14,50400,0,"F ","F"
"861","lds","sld",0,10,36000,0,"F ","M"
"862","lds","son.of.ola",0,15,54000,0,"F ","M"
"863","lds","ss",0,16,57600,0,"F ","F"
"864","lds","sss",0,7,25200,0,"F ","F"
"865","lds","tes",0,15,54000,0,"F ","F"
"866","lds","una",0,14,50400,0,"F ","F"
"867","lsd","c",0,3,10800,0,"F","F"
"868","lsd","cat",0,3,10800,0,"F","F"
"869","lsd","cc",0,3,10800,0,"F","F"
"870","lsd","ccc",0,3,10800,0,"F","F"
"871","lsd","ccs",0,3,10800,0,"F","F"
"872","lsd","cd",646,3,10800,0.0598148148148148,"F","F"
"873","lsd","d",0,3,10800,0,"F","F"
"874","lsd","dcd",0,3,10800,0,"F","F"
"875","lsd","dd",388,3,10800,0.0359259259259259,"F","F"
"876","lsd","ddld",0,3,10800,0,"F","F"
"877","lsd","dld",0,3,10800,0,"F","M"
"878","lsd","dos",0,3,10800,0,"F","F"
"879","lsd","ds",0,1,3600,0,"F","F"
"880","lsd","eve",0,3,10800,0,"F","F"
"881","lsd","ivy",0,3,10800,0,"F","F"
"882","lsd","ld",0,3,10800,0,"F","F "
"883","lsd","ldc",0,3,10800,0,"F","M"
"884","lsd","ldd",0,3,10800,0,"F","M"
"885","lsd","lds",0,4,14400,0,"F","F "
"886","lsd","no.band",0,1,3600,0,"F","F"
"887","lsd","ola",75,3,10800,0.00694444444444444,"F","F"
"888","lsd","r",24,3,10800,0.00222222222222222,"F","F"
"889","lsd","rc",1143,3,10800,0.105833333333333,"F","F"
"890","lsd","s",0,3,10800,0,"F","F"
"891","lsd","sc",0,3,10800,0,"F","F"
"892","lsd","scs",0,3,10800,0,"F","F"
"893","lsd","sd",85,3,10800,0.00787037037037037,"F","F"
"894","lsd","son.of.ola",0,3,10800,0,"F","M"
"895","lsd","ss",17,3,10800,0.00157407407407407,"F","F"
"896","lsd","sss",0,3,10800,0,"F","F"
"897","lsd","una",0,2,7200,0,"F","F"
"898","no.band","c",0,14,50400,0,"F","F"
"899","no.band","cat",0,12,43200,0,"F","F"
"900","no.band","cc",0,14,50400,0,"F","F"
"901","no.band","ccc",0,14,50400,0,"F","F"
"902","no.band","ccs",0,14,50400,0,"F","F"
"903","no.band","cd",0,14,50400,0,"F","F"
"904","no.band","cs",0,9,32400,0,"F","F"
"905","no.band","d",0,14,50400,0,"F","F"
"906","no.band","dcd",0,14,50400,0,"F","F"
"907","no.band","dd",74,14,50400,0.00146825396825397,"F","F"
"908","no.band","ddd",0,10,36000,0,"F","M"
"909","no.band","ddld",0,14,50400,0,"F","F"
"910","no.band","dld",0,14,50400,0,"F","M"
"911","no.band","dos",0,14,50400,0,"F","F"
"912","no.band","dr",0,8,28800,0,"F","F"
"913","no.band","ds",0,6,21600,0,"F","F"
"914","no.band","eve",0,14,50400,0,"F","F"
"915","no.band","ivy",0,9,32400,0,"F","F"
"916","no.band","ld",0,14,50400,0,"F","F "
"917","no.band","ldc",0,11,39600,0,"F","M"
"918","no.band","ldd",0,14,50400,0,"F","M"
"919","no.band","lds",0,15,54000,0,"F","F "
"920","no.band","lsd",0,2,7200,0,"F","F"
"921","no.band","ola",0,14,50400,0,"F","F"
"922","no.band","r",0,14,50400,0,"F","F"
"923","no.band","rc",0,9,32400,0,"F","F"
"924","no.band","s",0,9,32400,0,"F","F"
"925","no.band","sc",11,12,43200,0.00025462962962963,"F","F"
"926","no.band","scs",0,12,43200,0,"F","F"
"927","no.band","sd",70,9,32400,0.00216049382716049,"F","F"
"928","no.band","sld",0,5,18000,0,"F","M"
"929","no.band","son.of.ola",0,15,54000,0,"F","M"
"930","no.band","ss",0,14,50400,0,"F","F"
"931","no.band","sss",0,14,50400,0,"F","F"
"932","no.band","tes",0,6,21600,0,"F","F"
"933","no.band","una",31,9,32400,0.00095679012345679,"F","F"
"934","ola","c",0,15,54000,0,"F","F"
"935","ola","cat",0,10,36000,0,"F","F"
"936","ola","cc",0,10,36000,0,"F","F"
"937","ola","ccc",0,15,54000,0,"F","F"
"938","ola","ccs",0,5,18000,0,"F","F"
"939","ola","cd",0,15,54000,0,"F","F"
"940","ola","cs",0,15,54000,0,"F","F"
"941","ola","d",0,6,21600,0,"F","F"
"942","ola","dcd",0,15,54000,0,"F","F"
"943","ola","dd",0,5,18000,0,"F","F"
"944","ola","ddd",0,10,36000,0,"F","M"
"945","ola","ddld",0,6,21600,0,"F","F"
"946","ola","dld",0,15,54000,0,"F","M"
"947","ola","dos",0,15,54000,0,"F","F"
"948","ola","dr",0,15,54000,0,"F","F"
"949","ola","ds",0,15,54000,0,"F","F"
"950","ola","eve",0,6,21600,0,"F","F"
"951","ola","ivy",0,15,54000,0,"F","F"
"952","ola","ld",12,15,54000,0.000222222222222222,"F","F "
"953","ola","ldc",0,15,54000,0,"F","M"
"954","ola","ldd",0,15,54000,0,"F","M"
"955","ola","lds",0,16,57600,0,"F","F "
"956","ola","lsd",0,4,14400,0,"F","F"
"957","ola","no.band",48,12,43200,0.00111111111111111,"F","F"
"958","ola","r",0,15,54000,0,"F","F"
"959","ola","rc",0,15,54000,0,"F","F"
"960","ola","s",0,15,54000,0,"F","F"
"961","ola","sc",0,10,36000,0,"F","F"
"962","ola","scs",0,14,50400,0,"F","F"
"963","ola","sd",0,14,50400,0,"F","F"
"964","ola","sld",0,10,36000,0,"F","M"
"965","ola","son.of.ola",3568,10,36000,0.0991111111111111,"F","M"
"966","ola","ss",203,20,72000,0.00281944444444444,"F","F"
"967","ola","sss",0,10,36000,0,"F","F"
"968","ola","tes",0,15,54000,0,"F","F"
"969","ola","una",105,14,50400,0.00208333333333333,"F","F"
"970","r","c",0,8,28800,0,"F","F"
"971","r","cat",0,15,54000,0,"F","F"
"972","r","cc",47,17,61200,0.00076797385620915,"F","F"
"973","r","ccc",0,18,64800,0,"F","F"
"974","r","ccs",0,19,68400,0,"F","F"
"975","r","cd",0,8,28800,0,"F","F"
"976","r","cs",0,18,64800,0,"F","F"
"977","r","csc",0,3,10800,0,"F","F"
"978","r","d",0,18,64800,0,"F","F"
"979","r","dcd",0,18,64800,0,"F","F"
"980","r","dd",0,14,50400,0,"F","F"
"981","r","ddd",0,10,36000,0,"F","M"
"982","r","ddld",0,15,54000,0,"F","F"
"983","r","dld",0,5,18000,0,"F","M"
"984","r","dos",0,15,54000,0,"F","F"
"985","r","dr",0,15,54000,0,"F","F"
"986","r","ds",0,18,64800,0,"F","F"
"987","r","eve",0,15,54000,0,"F","F"
"988","r","hilga",0,1,3600,0,"F","F"
"989","r","ivy",0,15,54000,0,"F","F"
"990","r","ld",0,15,54000,0,"F","F "
"991","r","ldc",0,15,54000,0,"F","M"
"992","r","ldd",0,15,54000,0,"F","M"
"993","r","lds",8656,11,39600,0.218585858585859,"F","F "
"994","r","lsd",97,4,14400,0.00673611111111111,"F","F"
"995","r","no.band",0,12,43200,0,"F","F"
"996","r","ola",7,15,54000,0.00012962962962963,"F","F"
"997","r","rc",0,18,64800,0,"F","F"
"998","r","s",0,18,64800,0,"F","F"
"999","r","sc",0,19,68400,0,"F","F"
"1000","r","scc",0,3,10800,0,"F","F"
"1001","r","scs",0,17,61200,0,"F","F"
"1002","r","sd",19,18,64800,0.00029320987654321,"F","F"
"1003","r","sld",0,10,36000,0,"F","M"
"1004","r","son.of.ola",0,15,54000,0,"F","M"
"1005","r","ss",0,20,72000,0,"F","F"
"1006","r","sss",0,6,21600,0,"F","F"
"1007","r","tes",0,15,54000,0,"F","F"
"1008","r","una",0,5,18000,0,"F","F"
"1009","rc","c",0,18,64800,0,"F","F"
"1010","rc","cat",0,15,54000,0,"F","F"
"1011","rc","cc",0,7,25200,0,"F","F"
"1012","rc","ccc",0,12,43200,0,"F","F"
"1013","rc","ccs",0,19,68400,0,"F","F"
"1014","rc","cd",0,18,64800,0,"F","F"
"1015","rc","cs",138,18,64800,0.00212962962962963,"F","F"
"1016","rc","csc",0,3,10800,0,"F","F"
"1017","rc","d",0,18,64800,0,"F","F"
"1018","rc","dcd",0,8,28800,0,"F","F"
"1019","rc","dd",238,19,68400,0.00347953216374269,"F","F"
"1020","rc","ddd",0,10,36000,0,"F","M"
"1021","rc","ddld",0,15,54000,0,"F","F"
"1022","rc","dld",0,15,54000,0,"F","M"
"1023","rc","dos",15,20,72000,0.000208333333333333,"F","F"
"1024","rc","dr",0,15,54000,0,"F","F"
"1025","rc","ds",0,18,64800,0,"F","F"
"1026","rc","eve",0,16,57600,0,"F","F"
"1027","rc","hilga",3671,2,7200,0.509861111111111,"F","F"
"1028","rc","ivy",0,10,36000,0,"F","F"
"1029","rc","ld",0,7,25200,0,"F","F "
"1030","rc","ldc",0,15,54000,0,"F","M"
"1031","rc","ldd",0,15,54000,0,"F","M"
"1032","rc","lds",0,16,57600,0,"F","F "
"1033","rc","lsd",0,4,14400,0,"F","F"
"1034","rc","no.band",0,7,25200,0,"F","F"
"1035","rc","ola",0,15,54000,0,"F","F"
"1036","rc","r",0,17,61200,0,"F","F"
"1037","rc","s",0,18,64800,0,"F","F"
"1038","rc","sc",0,19,68400,0,"F","F"
"1039","rc","scc",0,3,10800,0,"F","F"
"1040","rc","scs",0,17,61200,0,"F","F"
"1041","rc","sd",16,14,50400,0.000317460317460317,"F","F"
"1042","rc","sld",0,10,36000,0,"F","M"
"1043","rc","son.of.ola",0,8,28800,0,"F","M"
"1044","rc","ss",188,20,72000,0.00261111111111111,"F","F"
"1045","rc","sss",0,16,57600,0,"F","F"
"1046","rc","tes",0,15,54000,0,"F","F"
"1047","rc","una",0,9,32400,0,"F","F"
"1048","s","c",0,18,64800,0,"F","F"
"1049","s","cat",0,15,54000,0,"F","F"
"1050","s","cc",0,12,43200,0,"F","F"
"1051","s","ccc",0,20,72000,0,"F","F"
"1052","s","ccs",0,19,68400,0,"F","F"
"1053","s","cd",0,18,64800,0,"F","F"
"1054","s","cs",0,18,64800,0,"F","F"
"1055","s","csc",0,3,10800,0,"F","F"
"1056","s","d",262,18,64800,0.00404320987654321,"F","F"
"1057","s","dcd",0,18,64800,0,"F","F"
"1058","s","dd",0,19,68400,0,"F","F"
"1059","s","ddd",0,10,36000,0,"F","M"
"1060","s","ddld",0,15,54000,0,"F","F"
"1061","s","dld",0,7,25200,0,"F","M"
"1062","s","dos",0,20,72000,0,"F","F"
"1063","s","dr",0,15,54000,0,"F","F"
"1064","s","ds",0,18,64800,0,"F","F"
"1065","s","eve",0,15,54000,0,"F","F"
"1066","s","hilga",0,2,7200,0,"F","F"
"1067","s","ivy",0,15,54000,0,"F","F"
"1068","s","ld",0,15,54000,0,"F","F "
"1069","s","ldc",0,15,54000,0,"F","M"
"1070","s","ldd",0,5,18000,0,"F","M"
"1071","s","lds",0,6,21600,0,"F","F "
"1072","s","lsd",0,4,14400,0,"F","F"
"1073","s","no.band",0,12,43200,0,"F","F"
"1074","s","ola",0,10,36000,0,"F","F"
"1075","s","r",0,9,32400,0,"F","F"
"1076","s","rc",0,21,75600,0,"F","F"
"1077","s","sc",0,14,50400,0,"F","F"
"1078","s","scc",0,3,10800,0,"F","F"
"1079","s","scs",0,17,61200,0,"F","F"
"1080","s","sd",0,14,50400,0,"F","F"
"1081","s","sld",0,10,36000,0,"F","M"
"1082","s","son.of.ola",0,15,54000,0,"F","M"
"1083","s","ss",0,20,72000,0,"F","F"
"1084","s","sss",0,8,28800,0,"F","F"
"1085","s","tes",0,16,57600,0,"F","F"
"1086","s","una",0,9,32400,0,"F","F"
"1087","sc","c",9,18,64800,0.000138888888888889,"F","F"
"1088","sc","cat",0,10,36000,0,"F","F"
"1089","sc","cc",0,12,43200,0,"F","F"
"1090","sc","ccc",0,18,64800,0,"F","F"
"1091","sc","ccs",49.5,24,86400,0.000572916666666667,"F","F"
"1092","sc","cd",35,18,64800,0.000540123456790123,"F","F"
"1093","sc","cs",0,10,36000,0,"F","F"
"1094","sc","csc",18,3,10800,0.00166666666666667,"F","F"
"1095","sc","d",0,18,64800,0,"F","F"
"1096","sc","dcd",0,18,64800,0,"F","F"
"1097","sc","dd",0,19,68400,0,"F","F"
"1098","sc","ddd",0,10,36000,0,"F","M"
"1099","sc","ddld",0,15,54000,0,"F","F"
"1100","sc","dld",0,15,54000,0,"F","M"
"1101","sc","dos",0,15,54000,0,"F","F"
"1102","sc","dr",0,6,21600,0,"F","F"
"1103","sc","ds",0,17,61200,0,"F","F"
"1104","sc","eve",0,15,54000,0,"F","F"
"1105","sc","hilga",0,1,3600,0,"F","F"
"1106","sc","ivy",0,15,54000,0,"F","F"
"1107","sc","ld",0,15,54000,0,"F","F "
"1108","sc","ldc",0,15,54000,0,"F","M"
"1109","sc","ldd",445,15,54000,0.00824074074074074,"F","M"
"1110","sc","lds",0,16,57600,0,"F","F "
"1111","sc","lsd",0,2,7200,0,"F","F"
"1112","sc","no.band",0,7,25200,0,"F","F"
"1113","sc","ola",0,10,36000,0,"F","F"
"1114","sc","r",0,17,61200,0,"F","F"
"1115","sc","rc",0,18,64800,0,"F","F"
"1116","sc","s",0,18,64800,0,"F","F"
"1117","sc","scc",0,3,10800,0,"F","F"
"1118","sc","scs",0,8,28800,0,"F","F"
"1119","sc","sd",0,18,64800,0,"F","F"
"1120","sc","sld",0,9,32400,0,"F","M"
"1121","sc","son.of.ola",0,10,36000,0,"F","M"
"1122","sc","ss",0,11,39600,0,"F","F"
"1123","sc","sss",10491,14,50400,0.208154761904762,"F","F"
"1124","sc","tes",0,19,68400,0,"F","F"
"1125","sc","una",0,15,54000,0,"F","F"
"1126","scc","c",0,3,10800,0,"F","F"
"1127","scc","cc",0,2,7200,0,"F","F"
"1128","scc","ccc",0,3,10800,0,"F","F"
"1129","scc","ccs",660,4,14400,0.0458333333333333,"F","F"
"1130","scc","cd",0,3,10800,0,"F","F"
"1131","scc","cs",678,3,10800,0.0627777777777778,"F","F"
"1132","scc","csc",0,3,10800,0,"F","F"
"1133","scc","d",314,3,10800,0.0290740740740741,"F","F"
"1134","scc","dcd",0,3,10800,0,"F","F"
"1135","scc","dd",742,4,14400,0.0515277777777778,"F","F"
"1136","scc","dos",0,1,3600,0,"F","F"
"1137","scc","ds",0,3,10800,0,"F","F"
"1138","scc","hilga",0,1,3600,0,"F","F"
"1139","scc","r",0,2,7200,0,"F","F"
"1140","scc","rc",193,3,10800,0.0178703703703704,"F","F"
"1141","scc","s",1748,3,10800,0.161851851851852,"F","F"
"1142","scc","sc",411.5,4,14400,0.0285763888888889,"F","F"
"1143","scc","scs",34,3,10800,0.00314814814814815,"F","F"
"1144","scc","sd",460,4,14400,0.0319444444444444,"F","F"
"1145","scc","ss",0,4,14400,0,"F","F"
"1146","scc","sss",0,1,3600,0,"F","F"
"1147","scs","c",113,18,64800,0.00174382716049383,"F","F"
"1148","scs","cat",0,15,54000,0,"F","F"
"1149","scs","cc",135,17,61200,0.00220588235294118,"F","F"
"1150","scs","ccc",0,14,50400,0,"F","F"
"1151","scs","ccs",74.5,15,54000,0.00137962962962963,"F","F"
"1152","scs","cd",106,18,64800,0.0016358024691358,"F","F"
"1153","scs","cs",54,9,32400,0.00166666666666667,"F","F"
"1154","scs","csc",50,3,10800,0.00462962962962963,"F","F"
"1155","scs","d",374,17,61200,0.00611111111111111,"F","F"
"1156","scs","dcd",0,18,64800,0,"F","F"
"1157","scs","dd",15,19,68400,0.000219298245614035,"F","F"
"1158","scs","ddd",0,10,36000,0,"F","M"
"1159","scs","ddld",0,15,54000,0,"F","F"
"1160","scs","dld",0,11,39600,0,"F","M"
"1161","scs","dos",0,15,54000,0,"F","F"
"1162","scs","dr",0,6,21600,0,"F","F"
"1163","scs","ds",18,18,64800,0.000277777777777778,"F","F"
"1164","scs","eve",0,16,57600,0,"F","F"
"1165","scs","hilga",0,1,3600,0,"F","F"
"1166","scs","ivy",0,15,54000,0,"F","F"
"1167","scs","ld",0,15,54000,0,"F","F "
"1168","scs","ldc",0,15,54000,0,"F","M"
"1169","scs","ldd",0,15,54000,0,"F","M"
"1170","scs","lds",0,16,57600,0,"F","F "
"1171","scs","lsd",0,2,7200,0,"F","F"
"1172","scs","no.band",0,7,25200,0,"F","F"
"1173","scs","ola",0,15,54000,0,"F","F"
"1174","scs","r",1118,17,61200,0.0182679738562092,"F","F"
"1175","scs","rc",289,18,64800,0.00445987654320988,"F","F"
"1176","scs","s",5,18,64800,7.71604938271605e-05,"F","F"
"1177","scs","sc",0,9,32400,0,"F","F"
"1178","scs","scc",61,3,10800,0.00564814814814815,"F","F"
"1179","scs","sd",104,23,82800,0.001256038647343,"F","F"
"1180","scs","sld",0,6,21600,0,"F","M"
"1181","scs","son.of.ola",0,15,54000,0,"F","M"
"1182","scs","ss",13,10,36000,0.000361111111111111,"F","F"
"1183","scs","sss",0,16,57600,0,"F","F"
"1184","scs","tes",0,15,54000,0,"F","F"
"1185","scs","una",5,19,68400,7.30994152046784e-05,"F","F"
"1186","sd","c",0,18,64800,0,"F","F"
"1187","sd","cat",0,15,54000,0,"F","F"
"1188","sd","cc",0,13,46800,0,"F","F"
"1189","sd","ccc",314,18,64800,0.00484567901234568,"F","F"
"1190","sd","ccs",69,10,36000,0.00191666666666667,"F","F"
"1191","sd","cd",20,18,64800,0.000308641975308642,"F","F"
"1192","sd","cs",0,18,64800,0,"F","F"
"1193","sd","csc",0,3,10800,0,"F","F"
"1194","sd","d",228,21,75600,0.00301587301587302,"F","F"
"1195","sd","dcd",0,18,64800,0,"F","F"
"1196","sd","dd",0,10,36000,0,"F","F"
"1197","sd","ddd",0,10,36000,0,"F","M"
"1198","sd","ddld",0,15,54000,0,"F","F"
"1199","sd","dld",0,15,54000,0,"F","M"
"1200","sd","dos",0,6,21600,0,"F","F"
"1201","sd","dr",0,15,54000,0,"F","F"
"1202","sd","ds",0,18,64800,0,"F","F"
"1203","sd","eve",96,15,54000,0.00177777777777778,"F","F"
"1204","sd","hilga",0,1,3600,0,"F","F"
"1205","sd","ivy",0,5,18000,0,"F","F"
"1206","sd","ld",0,15,54000,0,"F","F "
"1207","sd","ldc",0,15,54000,0,"F","M"
"1208","sd","ldd",0,15,54000,0,"F","M"
"1209","sd","lds",0,16,57600,0,"F","F "
"1210","sd","lsd",0,4,14400,0,"F","F"
"1211","sd","no.band",6901,12,43200,0.15974537037037,"F","F"
"1212","sd","ola",0,2,7200,0,"F","F"
"1213","sd","r",113,17,61200,0.00184640522875817,"F","F"
"1214","sd","rc",0,18,64800,0,"F","F"
"1215","sd","s",0,14,50400,0,"F","F"
"1216","sd","sc",0,15,54000,0,"F","F"
"1217","sd","scc",0,3,10800,0,"F","F"
"1218","sd","scs",47,21,75600,0.000621693121693122,"F","F"
"1219","sd","sld",0,10,36000,0,"F","M"
"1220","sd","son.of.ola",0,14,50400,0,"F","M"
"1221","sd","ss",0,20,72000,0,"F","F"
"1222","sd","sss",0,16,57600,0,"F","F"
"1223","sd","tes",0,15,54000,0,"F","F"
"1224","sd","una",0,15,54000,0,"F","F"
"1225","six","cd",334,2,7200,0.0463888888888889,"F","F"
"1226","six","csc",100,2,7200,0.0138888888888889,"F","F"
"1227","sld","c",0,15,54000,0,"M","F"
"1228","sld","cat",0,15,54000,0,"M","F"
"1229","sld","cc",0,14,50400,0,"M","F"
"1230","sld","ccc",606,12,43200,0.0140277777777778,"M","F"
"1231","sld","ccs",0,10,36000,0,"M","F"
"1232","sld","cd",0,15,54000,0,"M","F"
"1233","sld","cs",0,15,54000,0,"M","F"
"1234","sld","d",0,10,36000,0,"M","F"
"1235","sld","dcd",0,15,54000,0,"M","F"
"1236","sld","dd",0,15,54000,0,"M","F"
"1237","sld","ddd",0,10,36000,0,"M","M"
"1238","sld","ddld",0,15,54000,0,"M","F"
"1239","sld","dld",0,10,36000,0,"M","M"
"1240","sld","dos",0,18,64800,0,"M","F"
"1241","sld","dr",0,15,54000,0,"M","F"
"1242","sld","ds",0,11,39600,0,"M","F"
"1243","sld","eve",0,15,54000,0,"M","F"
"1244","sld","ivy",0,15,54000,0,"M","F"
"1245","sld","ld",0,15,54000,0,"M","F "
"1246","sld","ldc",0,15,54000,0,"M","M"
"1247","sld","ldd",0,15,54000,0,"M","M"
"1248","sld","lds",0,16,57600,0,"M","F "
"1249","sld","lsd",0,4,14400,0,"M","F"
"1250","sld","no.band",0,12,43200,0,"M","F"
"1251","sld","ola",0,14,50400,0,"M","F"
"1252","sld","r",0,15,54000,0,"M","F"
"1253","sld","rc",0,18,64800,0,"M","F"
"1254","sld","s",0,17,61200,0,"M","F"
"1255","sld","sc",0,14,50400,0,"M","F"
"1256","sld","scs",0,10,36000,0,"M","F"
"1257","sld","sd",0,14,50400,0,"M","F"
"1258","sld","son.of.ola",0,15,54000,0,"M","M"
"1259","sld","ss",0,15,54000,0,"M","F"
"1260","sld","sss",0,15,54000,0,"M","F"
"1261","sld","tes",0,11,39600,0,"M","F"
"1262","sld","una",0,13,46800,0,"M","F"
"1263","son.of.ola","c",0,15,54000,0,"M","F"
"1264","son.of.ola","cat",0,10,36000,0,"M","F"
"1265","son.of.ola","cc",0,15,54000,0,"M","F"
"1266","son.of.ola","ccc",0,6,21600,0,"M","F"
"1267","son.of.ola","ccs",0,15,54000,0,"M","F"
"1268","son.of.ola","cd",0,15,54000,0,"M","F"
"1269","son.of.ola","cs",0,10,36000,0,"M","F"
"1270","son.of.ola","d",0,15,54000,0,"M","F"
"1271","son.of.ola","dcd",0,15,54000,0,"M","F"
"1272","son.of.ola","dd",0,15,54000,0,"M","F"
"1273","son.of.ola","ddd",0,10,36000,0,"M","M"
"1274","son.of.ola","ddld",0,15,54000,0,"M","F"
"1275","son.of.ola","dld",0,15,54000,0,"M","M"
"1276","son.of.ola","dos",0,6,21600,0,"M","F"
"1277","son.of.ola","dr",0,15,54000,0,"M","F"
"1278","son.of.ola","ds",0,15,54000,0,"M","F"
"1279","son.of.ola","eve",0,10,36000,0,"M","F"
"1280","son.of.ola","ivy",0,6,21600,0,"M","F"
"1281","son.of.ola","ld",0,6,21600,0,"M","F "
"1282","son.of.ola","ldc",0,10,36000,0,"M","M"
"1283","son.of.ola","ldd",0,15,54000,0,"M","M"
"1284","son.of.ola","lds",0,16,57600,0,"M","F "
"1285","son.of.ola","lsd",0,4,14400,0,"M","F"
"1286","son.of.ola","no.band",0,12,43200,0,"M","F"
"1287","son.of.ola","ola",63,19,68400,0.000921052631578947,"M","F"
"1288","son.of.ola","r",0,15,54000,0,"M","F"
"1289","son.of.ola","rc",0,15,54000,0,"M","F"
"1290","son.of.ola","s",0,15,54000,0,"M","F"
"1291","son.of.ola","sc",0,15,54000,0,"M","F"
"1292","son.of.ola","scs",0,14,50400,0,"M","F"
"1293","son.of.ola","sd",0,5,18000,0,"M","F"
"1294","son.of.ola","sld",0,10,36000,0,"M","M"
"1295","son.of.ola","ss",348,20,72000,0.00483333333333333,"M","F"
"1296","son.of.ola","sss",0,10,36000,0,"M","F"
"1297","son.of.ola","tes",0,15,54000,0,"M","F"
"1298","son.of.ola","una",0,14,50400,0,"M","F"
"1299","ss","c",962,18,64800,0.0148456790123457,"F","F"
"1300","ss","cat",0,15,54000,0,"F","F"
"1301","ss","cc",32,17,61200,0.000522875816993464,"F","F"
"1302","ss","ccc",570,17,61200,0.00931372549019608,"F","F"
"1303","ss","ccs",145.5,18,64800,0.00224537037037037,"F","F"
"1304","ss","cd",308,18,64800,0.00475308641975309,"F","F"
"1305","ss","cs",0,9,32400,0,"F","F"
"1306","ss","csc",0,3,10800,0,"F","F"
"1307","ss","d",0,17,61200,0,"F","F"
"1308","ss","dcd",0,18,64800,0,"F","F"
"1309","ss","dd",1108,19,68400,0.0161988304093567,"F","F"
"1310","ss","ddd",0,5,18000,0,"F","M"
"1311","ss","ddld",7512,10,36000,0.208666666666667,"F","F"
"1312","ss","dld",8,14,50400,0.000158730158730159,"F","M"
"1313","ss","dos",0,15,54000,0,"F","F"
"1314","ss","dr",0,6,21600,0,"F","F"
"1315","ss","ds",415,13,46800,0.00886752136752137,"F","F"
"1316","ss","eve",0,15,54000,0,"F","F"
"1317","ss","hilga",0,1,3600,0,"F","F"
"1318","ss","ivy",0,15,54000,0,"F","F"
"1319","ss","ld",0,15,54000,0,"F","F "
"1320","ss","ldc",0,15,54000,0,"F","M"
"1321","ss","ldd",0,10,36000,0,"F","M"
"1322","ss","lds",0,16,57600,0,"F","F "
"1323","ss","lsd",0,2,7200,0,"F","F"
"1324","ss","no.band",0,7,25200,0,"F","F"
"1325","ss","ola",9,20,72000,0.000125,"F","F"
"1326","ss","r",95,17,61200,0.00155228758169935,"F","F"
"1327","ss","rc",75,18,64800,0.00115740740740741,"F","F"
"1328","ss","s",0,18,64800,0,"F","F"
"1329","ss","sc",1284.5,9,32400,0.0396450617283951,"F","F"
"1330","ss","scc",84,3,10800,0.00777777777777778,"F","F"
"1331","ss","scs",292,7,25200,0.0115873015873016,"F","F"
"1332","ss","sd",621.5,18,64800,0.00959104938271605,"F","F"
"1333","ss","sld",0,9,32400,0,"F","M"
"1334","ss","son.of.ola",0,15,54000,0,"F","M"
"1335","ss","sss",112,16,57600,0.00194444444444444,"F","F"
"1336","ss","tes",0,11,39600,0,"F","F"
"1337","ss","una",0,14,50400,0,"F","F"
"1338","sss","c",0,8,28800,0,"F","F"
"1339","sss","cat",0,10,36000,0,"F","F"
"1340","sss","cc",0,17,61200,0,"F","F"
"1341","sss","ccc",6,18,64800,9.25925925925926e-05,"F","F"
"1342","sss","ccs",120,24,86400,0.00138888888888889,"F","F"
"1343","sss","cd",0,8,28800,0,"F","F"
"1344","sss","cs",0,13,46800,0,"F","F"
"1345","sss","csc",427,3,10800,0.039537037037037,"F","F"
"1346","sss","d",0,18,64800,0,"F","F"
"1347","sss","dcd",0,18,64800,0,"F","F"
"1348","sss","dd",0,19,68400,0,"F","F"
"1349","sss","ddd",0,10,36000,0,"F","M"
"1350","sss","ddld",224,15,54000,0.00414814814814815,"F","F"
"1351","sss","dld",0,5,18000,0,"F","M"
"1352","sss","dos",0,15,54000,0,"F","F"
"1353","sss","dr",0,15,54000,0,"F","F"
"1354","sss","ds",282,18,64800,0.00435185185185185,"F","F"
"1355","sss","eve",0,10,36000,0,"F","F"
"1356","sss","hilga",0,1,3600,0,"F","F"
"1357","sss","ivy",0,15,54000,0,"F","F"
"1358","sss","ld",0,15,54000,0,"F","F "
"1359","sss","ldc",0,10,36000,0,"F","M"
"1360","sss","ldd",0,15,54000,0,"F","M"
"1361","sss","lds",0,16,57600,0,"F","F "
"1362","sss","lsd",0,4,14400,0,"F","F"
"1363","sss","no.band",0,12,43200,0,"F","F"
"1364","sss","ola",9,15,54000,0.000166666666666667,"F","F"
"1365","sss","r",0,7,25200,0,"F","F"
"1366","sss","rc",44,18,64800,0.000679012345679012,"F","F"
"1367","sss","s",0,18,64800,0,"F","F"
"1368","sss","sc",8486.5,23,82800,0.102493961352657,"F","F"
"1369","sss","scc",0,3,10800,0,"F","F"
"1370","sss","scs",0,17,61200,0,"F","F"
"1371","sss","sd",0,18,64800,0,"F","F"
"1372","sss","sld",0,10,36000,0,"F","M"
"1373","sss","son.of.ola",0,10,36000,0,"F","M"
"1374","sss","ss",46,20,72000,0.000638888888888889,"F","F"
"1375","sss","tes",0,20,72000,0,"F","F"
"1376","sss","una",0,6,21600,0,"F","F"
"1377","tes","c",0,15,54000,0,"F","F"
"1378","tes","cat",0,11,39600,0,"F","F"
"1379","tes","cc",0,15,54000,0,"F","F"
"1380","tes","ccc",0,15,54000,0,"F","F"
"1381","tes","ccs",32,20,72000,0.000444444444444444,"F","F"
"1382","tes","cd",0,10,36000,0,"F","F"
"1383","tes","cs",0,15,54000,0,"F","F"
"1384","tes","d",0,15,54000,0,"F","F"
"1385","tes","dcd",0,10,36000,0,"F","F"
"1386","tes","dd",69,15,54000,0.00127777777777778,"F","F"
"1387","tes","ddd",0,5,18000,0,"F","M"
"1388","tes","ddld",0,10,36000,0,"F","F"
"1389","tes","dld",0,15,54000,0,"F","M"
"1390","tes","dos",0,10,36000,0,"F","F"
"1391","tes","dr",0,15,54000,0,"F","F"
"1392","tes","ds",0,5,18000,0,"F","F"
"1393","tes","eve",0,15,54000,0,"F","F"
"1394","tes","ivy",0,15,54000,0,"F","F"
"1395","tes","ld",0,15,54000,0,"F","F "
"1396","tes","ldc",0,11,39600,0,"F","M"
"1397","tes","ldd",0,15,54000,0,"F","M"
"1398","tes","lds",0,16,57600,0,"F","F "
"1399","tes","lsd",0,4,14400,0,"F","F"
"1400","tes","no.band",0,10,36000,0,"F","F"
"1401","tes","ola",117,15,54000,0.00216666666666667,"F","F"
"1402","tes","r",0,15,54000,0,"F","F"
"1403","tes","rc",25,15,54000,0.000462962962962963,"F","F"
"1404","tes","s",0,15,54000,0,"F","F"
"1405","tes","sc",10,19,68400,0.000146198830409357,"F","F"
"1406","tes","scs",0,14,50400,0,"F","F"
"1407","tes","sd",0,14,50400,0,"F","F"
"1408","tes","sld",0,6,21600,0,"F","M"
"1409","tes","son.of.ola",668,15,54000,0.0123703703703704,"F","M"
"1410","tes","ss",0,16,57600,0,"F","F"
"1411","tes","sss",0,18,64800,0,"F","F"
"1412","tes","una",63,14,50400,0.00125,"F","F"
"1413","una","c",0,6,21600,0,"F","F"
"1414","una","cat",0,15,54000,0,"F","F"
"1415","una","cc",0,10,36000,0,"F","F"
"1416","una","ccc",0,15,54000,0,"F","F"
"1417","una","ccs",0,15,54000,0,"F","F"
"1418","una","cd",0,6,21600,0,"F","F"
"1419","una","cs",0,14,50400,0,"F","F"
"1420","una","d",38,18,64800,0.00058641975308642,"F","F"
"1421","una","dcd",0,15,54000,0,"F","F"
"1422","una","dd",0,15,54000,0,"F","F"
"1423","una","ddd",0,10,36000,0,"F","M"
"1424","una","ddld",0,15,54000,0,"F","F"
"1425","una","dld",0,15,54000,0,"F","M"
"1426","una","dos",0,15,54000,0,"F","F"
"1427","una","dr",0,15,54000,0,"F","F"
"1428","una","ds",0,15,54000,0,"F","F"
"1429","una","eve",0,15,54000,0,"F","F"
"1430","una","ivy",0,15,54000,0,"F","F"
"1431","una","ld",0,15,54000,0,"F","F "
"1432","una","ldc",0,15,54000,0,"F","M"
"1433","una","ldd",0,15,54000,0,"F","M"
"1434","una","lds",0,16,57600,0,"F","F "
"1435","una","lsd",0,4,14400,0,"F","F"
"1436","una","no.band",2151,12,43200,0.0497916666666667,"F","F"
"1437","una","ola",0,10,36000,0,"F","F"
"1438","una","r",0,15,54000,0,"F","F"
"1439","una","rc",0,15,54000,0,"F","F"
"1440","una","s",0,10,36000,0,"F","F"
"1441","una","sc",0,4,14400,0,"F","F"
"1442","una","scs",0,11,39600,0,"F","F"
"1443","una","sd",0,15,54000,0,"F","F"
"1444","una","sld",0,9,32400,0,"F","M"
"1445","una","son.of.ola",0,15,54000,0,"F","M"
"1446","una","ss",0,9,32400,0,"F","F"
"1447","una","sss",0,15,54000,0,"F","F"
"1448","una","tes",0,15,54000,0,"F","F"
